IDQ;hobby_1;hobby_2;hobby_3;hobby_4;hobby_5;hobby_6;hobby_7;hobby_8;hobby_9;hobby_10;hobby_11;hobby_12;own_mm_1;own_mm_2;own_mm_3;own_mm_4;own_mm_5;own_mm_6;own_mm_7;own_mm_8;own_mm_9;own_mm_10;own_mm_11;info_1;info_2;info_3;info_4;info_5;info_6;info_7;info_8;info_9;nq_kids;nq_gender;cam_crit_1;cam_crit_2;cam_crit_3;cam_crit_4;cam_crit_5;cam_crit_6;cam_brand;TV_crit_1;TV_crit_2;TV_crit_3;TV_crit_4;TV_crit_5;TV_crit_6;TV_brand;notebook_crit_1;notebook_crit_2;notebook_crit_3;notebook_crit_4;notebook_crit_5;notebook_crit_6;notebook_brand;vendor_TV;vendor_desktopPC;vendor_notebook;vendor_pocketcamera;vendor_SLRcamera
1;0;0;0;0;0;1;1;1;0;1;0;1;1;1;1;0;1;0;1;0;1;0;0;1;0;1;0;1;0;1;1;1;1;M;6;3;2;5;1;4;DontKnow;6;2;1;5;4;3;DontKnow;6;4;2;3;5;1;DontKnow;V_7;V_99;V_99;V_99;V_99
2;0;0;1;0;0;0;0;0;1;1;0;1;1;1;1;1;1;1;1;0;1;1;1;1;1;1;1;1;0;0;1;1;1;M;6;1;5;3;2;4;Canon;5;1;2;6;4;3;Panasonic;6;3;1;5;4;2;Apple;V_2;V_7;V_7;V_2;V_2
3;0;0;0;0;1;0;0;0;0;1;1;1;1;0;1;0;0;0;1;0;1;0;0;0;0;0;0;0;0;1;1;1;2;M;6;4;3;2;1;5;Canon;4;2;1;6;5;3;Philips;6;4;5;3;2;1;DontKnow;V_6;V_6;V_6;V_6;V_4
4;0;1;1;1;1;1;0;1;1;1;1;0;1;1;1;1;0;1;1;1;1;1;0;0;0;1;0;0;0;1;1;0;1;F;6;5;4;1;2;3;Canon;4;2;5;1;6;3;Samsung;3;6;4;5;1;2;HP;V_1;V_1;V_1;V_99;V_1
5;0;0;1;1;1;0;0;0;0;1;1;1;1;0;0;1;1;1;1;0;1;1;0;1;0;0;0;0;0;0;1;1;0;F;3;5;4;1;2;6;Nikon;4;1;3;5;6;2;Samsung;2;4;3;6;5;1;Apple;V_4;V_4;V_1;V_4;V_4
6;1;0;0;0;1;1;0;1;1;0;0;1;1;1;1;1;1;1;1;1;0;1;1;1;0;0;0;0;1;1;0;0;1;M;2;6;4;5;1;3;Canon;4;3;1;6;5;2;Samsung;6;5;4;2;3;1;Apple;V_99;V_1;V_1;V_1;V_1
7;0;0;0;0;0;0;0;0;1;1;0;0;0;1;0;0;1;0;0;1;0;0;0;1;1;1;1;1;1;1;1;1;0;M;2;6;4;1;3;5;Nikon;3;1;2;6;4;5;Other;5;3;6;2;1;4;Acer;V_99;V_99;V_99;V_99;V_99
8;0;1;1;0;1;0;0;0;1;0;1;1;0;0;1;0;1;0;0;0;0;0;0;0;0;0;1;1;0;0;0;1;1;F;6;4;5;3;1;2;Sony;4;2;3;6;5;1;DontKnow;6;5;3;2;1;4;Dell;V_2;V_6;V_6;V_6;V_99
9;0;0;0;1;1;0;0;0;0;1;0;1;0;1;0;1;1;1;0;1;1;0;0;1;0;0;0;0;0;0;0;1;0;M;5;1;2;4;6;3;Canon;3;4;6;1;2;5;DontKnow;3;1;5;4;2;6;HP;V_99;V_2;V_2;V_99;V_99
10;1;0;1;1;0;1;0;1;1;0;0;1;1;1;1;1;1;1;1;1;1;1;1;1;1;0;1;1;0;0;0;0;2;M;1;6;4;3;2;5;Nikon;4;3;1;6;5;2;Samsung;4;6;1;3;2;5;Apple;V_6;V_7;V_7;V_6;V_6
11;1;0;1;0;0;1;0;1;1;1;1;1;0;1;1;1;1;0;0;1;0;1;1;1;0;0;0;0;1;1;0;0;1;M;4;3;5;1;6;2;Nikon;5;3;6;2;4;1;Samsung;5;2;3;1;4;6;Apple;V_1;V_1;V_1;V_1;V_1
12;0;1;0;0;0;1;0;1;0;0;0;1;1;1;1;1;0;0;1;0;0;1;0;0;0;0;0;0;0;1;1;0;1;M;6;5;1;2;3;4;DontKnow;5;1;2;6;4;3;DontKnow;6;4;1;2;5;3;DontKnow;V_1;V_1;V_1;V_1;V_1
13;0;1;1;1;1;1;0;1;0;0;1;0;1;1;1;1;1;0;0;1;0;1;1;0;0;0;0;0;0;1;0;1;1;F;6;4;5;3;2;1;DontKnow;4;1;3;6;5;2;DontKnow;5;6;2;3;1;4;DontKnow;V_4;V_7;V_4;V_2;V_2
14;1;1;1;0;1;1;1;1;1;1;1;1;1;1;1;1;1;1;1;1;1;0;1;1;1;0;0;1;1;0;0;0;0;F;4;5;3;2;1;6;Canon;4;1;3;5;6;2;Sony;6;3;1;2;4;5;Apple;V_6;V_99;V_99;V_99;V_7
15;0;0;1;1;0;1;0;1;1;0;1;0;1;1;0;1;1;0;1;1;1;1;1;0;1;1;1;0;1;1;1;0;2;F;1;2;5;6;4;3;Sony;3;6;5;1;2;4;Sony;2;1;5;3;6;4;HP;V_99;V_99;V_99;V_99;V_99
16;1;0;1;1;1;1;1;1;1;1;1;0;1;0;1;1;0;0;0;1;0;1;0;0;1;1;0;0;1;0;1;0;2;F;6;5;4;1;3;2;Nikon;6;5;1;2;3;4;DontKnow;6;5;2;4;3;1;HP;V_1;V_2;V_2;V_2;V_2
17;1;0;1;1;1;1;1;1;1;1;1;1;1;1;0;1;1;1;0;1;0;0;0;1;1;0;0;1;0;0;1;1;0;F;6;4;3;1;2;5;Canon;3;1;2;5;6;4;Philips;6;4;2;1;5;3;HP;V_2;V_2;V_99;V_99;V_99
18;1;0;1;1;0;0;0;0;1;1;0;0;1;1;1;1;1;0;1;1;1;0;1;0;0;0;0;1;0;0;1;1;2;M;3;6;2;1;5;4;Canon;6;1;5;3;4;2;Sony;5;3;2;1;4;6;Apple;V_6;V_6;V_6;V_6;V_6
19;1;0;1;1;1;1;0;1;1;1;1;1;1;0;0;0;0;0;0;1;1;1;0;0;1;0;0;1;1;0;1;0;1;F;6;4;1;2;5;3;Nikon;3;1;4;6;5;2;Panasonic;6;4;1;3;2;5;DontKnow;V_2;V_7;V_7;V_99;V_99
20;0;0;0;0;1;0;0;0;0;0;0;0;1;0;0;1;0;1;0;1;0;0;0;0;0;0;0;0;0;1;0;0;0;F;6;5;3;4;1;2;Canon;3;1;4;5;6;2;Samsung;6;5;1;3;4;2;Acer;V_99;V_99;V_99;V_99;V_99
21;1;0;1;0;1;0;0;1;1;1;1;0;1;0;1;0;1;1;1;0;1;1;0;0;0;0;0;0;0;0;1;0;1;M;6;5;3;4;1;2;Sony;6;1;2;4;5;3;Panasonic;6;4;1;5;2;3;Apple;V_4;V_1;V_4;V_4;V_4
22;0;0;1;0;0;0;1;0;1;1;1;1;1;1;1;1;1;0;1;0;0;1;0;0;0;0;0;0;0;1;1;1;2;M;1;2;6;4;5;3;Nikon;2;5;3;4;1;6;Sony;3;5;4;2;6;1;Apple;V_99;V_99;V_99;V_99;V_99
23;0;1;0;0;0;0;0;1;0;0;1;0;0;0;1;0;0;1;0;1;0;1;0;0;0;0;0;0;0;1;1;1;0;F;6;5;1;2;4;3;Sony;4;1;3;5;6;2;Samsung;6;5;3;1;2;4;Dell;V_4;V_4;V_4;V_4;V_4
24;0;1;1;0;0;1;0;0;1;0;0;0;0;0;1;0;0;0;0;0;0;0;1;0;1;0;0;0;0;1;1;1;2;M;4;3;2;6;5;1;Canon;6;4;1;5;3;2;Sony;4;1;6;2;3;5;Apple;V_99;V_1;V_99;V_1;V_99
25;0;0;1;1;0;0;1;1;1;0;0;0;1;1;1;1;1;1;0;1;1;0;1;1;1;0;1;1;0;1;0;1;1;M;6;4;3;1;2;5;Nikon;4;1;5;6;2;3;Sony;6;5;1;2;4;3;Apple;V_6;V_6;V_6;V_6;V_7
26;1;0;1;1;0;1;0;1;1;0;0;0;0;0;1;0;1;0;0;0;0;1;0;1;1;0;0;1;0;1;1;0;0;M;6;4;5;3;2;1;Canon;6;2;3;4;1;5;Samsung;6;5;4;2;3;1;Sony;V_99;V_7;V_7;V_2;V_7
27;1;1;1;1;1;1;0;0;1;1;1;1;1;1;0;1;1;0;1;1;1;1;0;1;0;0;0;1;0;0;0;1;1;F;6;5;4;2;3;1;Other;5;1;4;6;2;3;Samsung;6;5;1;4;2;3;HP;V_99;V_6;V_6;V_4;V_99
28;0;0;1;0;1;0;0;1;1;0;0;1;0;1;1;1;1;1;0;1;1;0;0;0;1;1;0;1;0;1;1;1;0;F;6;3;5;2;1;4;Sony;4;2;1;6;5;3;Sony;6;5;4;3;2;1;Acer;V_2;V_2;V_2;V_99;V_99
29;1;1;1;0;0;1;1;1;1;1;0;1;1;1;1;0;1;1;0;1;0;1;0;0;1;0;0;1;1;1;0;0;1;M;6;5;3;1;4;2;Other;5;1;3;6;4;2;DontKnow;3;5;1;4;6;2;DontKnow;V_2;V_2;V_99;V_1;V_99
30;0;0;0;0;1;1;1;1;0;1;1;1;0;1;1;0;0;0;0;0;0;0;0;0;1;0;0;0;1;1;1;1;0;F;5;4;3;2;6;1;Sony;2;4;3;6;1;5;Sony;2;1;3;4;5;6;Apple;V_4;V_7;V_7;V_99;V_99
31;1;1;1;0;0;1;0;1;1;1;0;0;1;1;1;1;1;1;0;1;1;0;0;1;1;0;0;0;0;1;1;1;1;M;1;6;3;4;2;5;Nikon;2;3;4;6;5;1;Samsung;2;6;5;4;3;1;HP;V_99;V_99;V_99;V_99;V_99
32;1;0;1;0;0;1;0;1;1;0;1;0;1;1;1;1;1;0;0;0;0;1;1;0;0;1;1;0;0;1;0;1;2;F;6;5;4;2;3;1;DontKnow;6;2;3;5;1;4;DontKnow;5;6;2;4;1;3;DontKnow;V_2;V_1;V_1;V_2;V_2
33;0;0;1;1;0;1;0;1;1;0;1;1;0;1;1;1;1;0;1;1;0;0;0;1;1;1;1;0;0;1;1;1;0;M;6;3;4;2;1;5;Other;6;2;1;5;4;3;Sony;6;3;2;5;4;1;Other;V_2;V_4;V_1;V_4;V_4
34;0;0;1;0;1;1;1;1;1;1;1;0;1;0;0;1;0;1;0;1;0;1;0;0;1;1;1;1;0;1;1;1;0;F;6;3;2;1;4;5;Sony;5;1;3;6;4;2;Samsung;6;3;5;1;2;4;Acer;V_99;V_99;V_6;V_6;V_6
35;1;0;0;1;1;1;0;0;0;1;0;1;1;1;1;1;0;1;1;1;1;0;0;0;1;0;0;0;0;1;1;1;2;F;4;6;2;5;1;3;Other;3;4;1;6;5;2;Other;5;6;1;3;4;2;Apple;V_99;V_99;V_99;V_99;V_99
36;1;0;0;1;1;1;1;0;0;1;1;1;0;1;0;0;1;0;0;0;0;1;1;0;0;0;0;1;0;0;0;0;2;F;5;4;3;2;1;6;DontKnow;4;1;2;5;6;3;DontKnow;6;4;1;5;3;2;DontKnow;V_99;V_99;V_99;V_99;V_99
37;0;1;1;0;0;1;0;0;1;1;1;0;1;0;1;1;1;1;1;1;1;0;0;1;0;0;0;1;1;0;0;0;0;F;6;4;1;2;3;5;Canon;4;2;1;5;6;3;Sony;3;6;4;2;5;1;HP;V_99;V_99;V_99;V_99;V_99
38;1;0;1;0;0;1;0;0;1;1;0;0;1;1;1;1;1;0;0;1;0;1;0;0;1;0;1;1;0;1;1;0;2;M;6;5;4;1;3;2;Other;6;1;2;4;5;3;DontKnow;6;5;3;2;4;1;Acer;V_2;V_7;V_99;V_7;V_7
39;0;0;1;0;1;1;0;1;0;1;0;0;1;1;1;0;1;1;1;1;1;1;0;1;1;0;0;0;0;0;0;0;2;F;1;2;5;6;4;3;Canon;3;5;6;1;2;4;Samsung;1;3;4;5;2;6;Apple;V_4;V_99;V_99;V_4;V_4
40;1;0;1;0;1;1;0;1;1;1;0;1;1;1;1;1;1;1;1;1;1;1;1;1;0;0;0;1;1;1;1;0;1;M;6;5;3;2;4;1;Other;4;1;5;3;6;2;Samsung;6;2;4;3;5;1;HP;V_2;V_7;V_7;V_1;V_7
41;0;0;1;0;0;0;0;0;1;0;0;0;1;1;1;1;1;1;1;1;1;1;1;0;0;0;0;0;0;0;0;0;0;M;6;5;2;1;3;4;Canon;4;2;3;6;5;1;DontKnow;6;5;2;4;1;3;DontKnow;V_99;V_99;V_99;V_99;V_99
42;1;0;1;0;0;0;0;1;0;0;0;0;1;1;1;1;1;1;0;1;0;1;1;0;0;1;0;1;0;0;0;0;1;M;6;5;2;1;3;4;Other;5;1;3;6;4;2;Panasonic;4;6;3;5;2;1;HP;V_7;V_7;V_4;V_4;V_6
43;0;0;0;0;0;1;0;0;0;0;0;1;0;0;1;1;0;0;0;0;0;1;0;0;0;0;0;1;0;1;1;1;1;M;6;5;2;1;3;4;DontKnow;6;1;3;4;5;2;DontKnow;6;4;1;5;3;2;Acer;V_2;V_7;V_7;V_2;V_99
44;0;0;1;0;1;1;0;1;1;1;1;0;0;1;0;0;1;0;0;1;0;1;0;0;1;0;0;1;1;1;1;1;1;F;1;4;2;3;5;6;DontKnow;3;4;6;2;1;5;Philips;1;2;4;3;5;6;DontKnow;V_7;V_1;V_1;V_7;V_7
45;1;0;1;1;1;1;0;1;1;1;1;1;1;1;1;1;1;1;0;1;0;1;1;1;1;0;0;0;1;0;0;0;2;F;6;4;2;1;3;5;Canon;4;1;3;6;5;2;Panasonic;5;3;1;6;2;4;Apple;V_2;V_7;V_4;V_2;V_4
46;0;0;1;0;0;1;0;1;1;0;0;0;1;1;1;0;1;1;1;1;1;1;0;0;1;1;1;1;1;1;0;1;1;M;4;5;3;2;6;1;Canon;4;1;2;6;5;3;Samsung;5;6;3;4;2;1;Apple;V_99;V_99;V_4;V_99;V_99
47;0;0;1;1;0;1;1;1;1;1;1;0;1;1;1;0;0;1;0;1;1;1;0;0;1;1;1;1;0;1;0;1;1;F;6;5;4;2;3;1;Canon;4;1;2;5;6;3;Sony;6;5;1;2;4;3;Acer;V_99;V_2;V_4;V_4;V_1
48;0;0;1;1;0;1;0;0;0;1;1;1;0;0;0;0;0;0;0;0;0;0;0;0;0;0;0;0;0;0;0;0;1;F;6;3;4;2;1;5;Canon;4;3;1;5;6;2;Sony;5;6;1;3;2;4;DontKnow;V_99;V_99;V_99;V_99;V_99
49;0;0;0;1;0;0;1;1;0;0;0;1;1;1;1;1;1;1;1;1;1;1;0;0;1;0;0;0;0;1;0;0;0;F;5;6;3;2;1;4;Canon;4;1;3;6;5;2;Philips;5;6;2;4;1;3;HP;V_4;V_4;V_4;V_99;V_4
50;1;1;1;0;0;0;1;1;1;1;0;0;1;1;1;0;1;0;0;0;0;1;1;1;1;1;1;1;0;1;1;0;1;M;6;5;2;1;4;3;Canon;3;1;4;6;5;2;Other;6;3;1;4;2;5;Acer;V_4;V_6;V_6;V_6;V_6
51;1;0;1;0;0;1;0;1;0;0;0;0;1;1;1;1;1;1;0;1;0;0;1;0;0;0;0;1;1;0;1;1;0;M;6;5;3;4;2;1;Canon;4;2;3;5;6;1;DontKnow;6;3;5;1;4;2;Apple;V_2;V_7;V_7;V_99;V_7
52;1;0;1;0;1;1;1;0;1;0;1;0;1;0;1;1;1;0;0;1;0;1;0;1;0;1;1;1;0;0;0;1;1;F;6;1;3;4;2;5;Sony;3;1;2;6;5;4;Samsung;6;3;5;4;1;2;Apple;V_6;V_1;V_99;V_6;V_99
53;1;0;1;0;0;1;0;1;1;0;1;0;1;1;1;1;1;1;0;1;0;0;1;0;1;1;0;0;1;1;1;1;0;M;1;3;4;6;5;2;Other;5;4;1;3;6;2;Samsung;6;2;1;4;5;3;HP;V_1;V_1;V_1;V_1;V_1
54;1;0;1;0;1;1;0;0;1;1;1;0;0;1;1;0;0;0;0;1;0;0;0;1;0;0;0;0;0;1;1;0;1;F;6;5;4;2;3;1;Canon;5;1;3;6;2;4;Philips;6;2;1;4;3;5;Apple;V_1;V_1;V_1;V_99;V_6
55;1;1;0;0;1;1;0;0;1;1;0;1;0;1;0;1;0;0;0;0;0;1;0;0;1;0;0;0;0;1;1;1;0;M;6;2;4;5;3;1;Sony;6;1;4;2;3;5;Sony;3;1;5;2;6;4;HP;V_2;V_99;V_2;V_2;V_99
56;0;0;1;0;0;0;0;0;0;0;0;0;0;0;1;0;0;0;0;0;0;0;0;0;1;0;0;0;0;0;0;0;1;F;6;4;5;2;1;3;Canon;6;4;1;5;2;3;Samsung;6;2;5;4;1;3;Apple;V_6;V_6;V_6;V_6;V_6
57;0;0;0;0;0;0;0;1;1;0;0;1;1;1;1;1;1;0;0;0;0;1;0;0;0;0;0;0;1;1;1;1;1;F;6;5;4;2;3;1;DontKnow;2;1;4;6;5;3;DontKnow;6;4;2;1;3;5;DontKnow;V_1;V_7;V_7;V_2;V_99
58;1;0;1;1;1;0;0;1;1;0;1;1;1;1;1;1;1;1;1;1;1;1;0;1;1;0;0;0;1;0;1;0;1;F;6;2;4;3;5;1;Canon;6;1;3;5;2;4;Sony;6;3;2;1;5;4;Apple;V_2;V_1;V_1;V_2;V_2
59;1;0;1;0;0;0;1;1;1;0;0;0;1;1;1;1;1;0;1;1;1;1;1;1;1;1;1;1;1;1;1;0;2;M;6;4;5;1;3;2;Nikon;4;1;3;6;5;2;Sony;5;3;4;2;1;6;Toshiba;V_4;V_99;V_99;V_7;V_7
60;0;0;1;0;0;1;0;1;1;1;1;0;0;1;1;1;1;0;0;1;0;1;0;0;1;0;0;1;0;1;1;0;1;M;6;5;4;3;1;2;Nikon;5;3;2;6;4;1;DontKnow;6;5;4;3;1;2;DontKnow;V_2;V_1;V_1;V_4;V_4
61;1;0;0;1;1;1;0;1;1;0;1;1;0;1;0;1;1;1;1;1;0;1;0;1;1;0;0;0;0;1;1;0;0;F;5;4;3;1;2;6;Canon;4;1;3;5;6;2;DontKnow;6;4;5;2;3;1;HP;V_2;V_4;V_4;V_1;V_2
62;0;1;0;0;0;0;0;1;0;0;1;1;0;1;1;0;0;0;0;0;0;0;1;0;0;0;0;0;0;0;1;0;1;M;2;1;5;3;4;6;Sony;1;6;5;2;3;4;DontKnow;1;2;5;6;3;4;Acer;V_1;V_1;V_2;V_1;V_1
63;0;1;1;1;1;1;1;0;1;1;0;0;1;1;0;1;0;0;0;1;0;1;0;0;1;0;1;0;0;1;1;0;1;F;6;5;4;3;2;1;DontKnow;5;1;2;4;3;6;DontKnow;6;4;1;2;5;3;HP;V_1;V_1;V_1;V_7;V_7
64;1;0;1;1;1;1;1;1;1;1;1;1;1;1;1;1;1;1;1;1;1;1;1;1;0;0;0;0;0;0;0;0;0;M;5;6;4;3;1;2;Nikon;3;1;5;2;6;4;Panasonic;4;6;3;5;2;1;Sony;V_2;V_1;V_1;V_1;V_1
65;0;0;1;0;0;0;0;0;0;0;0;0;0;0;0;1;0;0;0;0;0;0;0;0;0;0;0;0;0;0;0;0;1;M;4;2;6;3;1;5;Canon;2;1;6;3;5;4;DontKnow;1;2;6;5;4;3;HP;V_99;V_99;V_99;V_99;V_99
66;1;1;1;1;1;1;0;1;1;1;1;1;1;1;1;1;1;1;1;1;1;1;1;1;1;1;1;1;1;1;1;1;1;M;1;2;3;4;5;6;Nikon;3;6;5;1;2;4;Other;3;1;5;2;4;6;Apple;V_7;V_1;V_1;V_1;V_1
67;1;1;1;1;0;1;0;0;1;1;0;1;1;0;0;1;1;1;0;0;0;1;0;0;1;1;0;1;0;1;1;1;1;F;6;2;1;5;3;4;Other;6;3;2;5;4;1;DontKnow;6;3;2;5;1;4;Apple;V_2;V_7;V_7;V_2;V_99
68;0;1;0;0;0;1;0;1;1;1;1;0;1;1;1;1;0;0;0;0;1;1;0;0;0;0;0;0;1;0;0;1;0;F;5;6;4;3;1;2;Sony;5;1;3;4;6;2;Sony;6;5;4;3;1;2;Sony;V_1;V_4;V_4;V_99;V_1
69;1;0;1;0;0;0;0;1;1;0;0;1;1;0;0;1;1;1;1;1;1;1;1;1;1;1;1;1;0;0;0;0;1;M;6;5;1;3;2;4;Sony;3;1;2;6;5;4;Samsung;6;2;5;1;4;3;HP;V_1;V_7;V_4;V_7;V_7
70;0;0;1;0;0;1;1;0;0;0;0;0;1;1;1;1;1;1;1;1;1;1;0;0;1;0;0;0;0;1;0;1;1;M;6;5;4;1;2;3;Canon;5;1;3;6;4;2;Samsung;6;5;4;2;1;3;Apple;V_2;V_1;V_1;V_1;V_1
71;0;0;1;0;0;1;0;1;1;1;0;0;0;0;1;1;1;0;0;0;0;1;1;0;0;0;0;0;0;1;1;1;1;F;6;5;4;2;1;3;Sony;5;1;2;4;6;3;DontKnow;6;1;4;3;5;2;Other;V_99;V_99;V_99;V_99;V_99
72;1;1;0;0;0;0;1;0;1;0;0;0;1;1;1;0;1;0;0;1;0;0;1;0;0;0;0;0;0;1;1;1;1;F;6;5;3;1;2;4;DontKnow;6;3;4;2;5;1;DontKnow;6;3;1;2;5;4;HP;V_7;V_7;V_7;V_7;V_7
73;1;0;1;1;1;1;1;1;1;1;1;0;1;1;1;1;1;1;1;1;1;1;1;0;0;0;0;0;1;1;0;0;1;M;2;3;4;5;6;1;Canon;2;1;5;6;3;4;Sony;3;5;1;4;2;6;Apple;V_1;V_99;V_99;V_1;V_1
74;1;0;1;0;1;1;0;1;1;1;1;0;1;0;1;1;1;1;0;1;0;1;0;0;1;1;0;0;0;1;1;0;1;F;6;5;3;2;1;4;DontKnow;4;3;1;6;5;2;Samsung;6;3;2;4;5;1;Apple;V_4;V_7;V_1;V_1;V_99
75;0;0;0;0;1;1;0;1;0;1;1;1;1;1;1;1;1;1;1;0;1;0;0;0;0;0;1;0;0;0;1;1;1;F;6;3;5;2;1;4;Sony;5;1;2;6;4;3;Samsung;6;5;1;2;4;3;HP;V_1;V_2;V_6;V_1;V_1
76;1;0;1;1;1;0;0;1;1;0;1;1;1;1;1;1;1;1;1;1;1;1;1;1;1;0;1;1;1;0;0;0;1;M;5;6;4;1;2;3;Canon;3;1;4;6;5;2;Samsung;3;6;4;5;2;1;Dell;V_6;V_99;V_99;V_6;V_6
77;1;0;1;0;1;1;1;1;0;1;1;0;1;1;1;1;1;1;1;1;0;1;0;1;1;0;0;1;0;1;0;0;2;M;3;2;4;5;1;6;Other;3;4;2;1;6;5;DontKnow;3;5;4;6;1;2;DontKnow;V_99;V_99;V_1;V_99;V_99
78;1;0;1;1;1;0;0;1;1;0;0;1;1;1;1;1;1;1;1;1;0;0;0;0;1;0;1;1;0;1;1;0;0;F;6;1;4;3;2;5;Canon;6;1;3;5;4;2;DontKnow;6;2;1;5;4;3;HP;V_4;V_2;V_2;V_2;V_2
79;1;0;1;0;1;0;1;1;0;1;0;0;1;1;1;1;1;1;1;1;1;1;1;1;1;0;1;1;0;0;1;0;1;M;1;2;4;6;5;3;Nikon;3;6;5;2;1;4;DontKnow;2;1;6;5;3;4;Apple;V_1;V_99;V_99;V_1;V_7
80;1;1;1;0;0;1;0;0;1;0;0;0;1;1;1;1;1;0;0;0;1;1;0;0;0;0;0;0;0;1;1;0;1;F;1;2;4;3;6;5;Other;2;5;6;1;4;3;Other;1;2;5;4;3;6;Toshiba;V_1;V_4;V_1;V_1;V_1
81;0;0;0;0;1;1;0;1;0;0;1;0;1;1;1;1;1;1;0;1;1;1;1;0;1;0;0;0;0;1;1;1;2;F;5;6;3;1;2;4;Nikon;2;1;3;4;5;6;Samsung;5;4;1;3;2;6;Sony;V_7;V_7;V_7;V_1;V_1
82;0;0;0;1;0;1;1;1;1;0;0;0;1;1;1;1;0;0;1;1;0;0;0;0;1;0;0;0;0;1;1;1;1;F;2;1;6;4;3;5;Canon;4;1;3;6;5;2;Sony;4;6;5;2;1;3;Apple;V_99;V_2;V_7;V_7;V_7
83;1;0;1;1;1;1;0;1;1;1;1;0;1;1;1;1;1;1;0;1;0;1;1;0;0;1;1;0;0;1;0;0;1;F;1;5;4;2;3;6;Sony;1;3;4;6;5;2;Panasonic;1;6;3;4;2;5;Apple;V_1;V_7;V_7;V_7;V_7
84;1;0;0;1;0;0;0;1;1;0;0;0;1;1;0;1;0;0;0;0;1;0;0;0;0;0;0;0;0;1;0;1;0;F;6;3;2;1;4;5;Sony;4;1;3;6;5;2;Sony;6;4;1;5;3;2;HP;V_4;V_7;V_4;V_4;V_4
85;1;0;1;1;1;1;1;1;1;1;1;1;1;1;1;1;1;1;1;1;1;0;0;1;1;1;1;1;1;0;0;1;1;M;5;2;3;4;6;1;DontKnow;3;2;5;6;4;1;Sony;6;1;5;2;3;4;Toshiba;V_6;V_7;V_6;V_99;V_99
86;0;0;1;0;1;1;0;0;1;0;1;0;1;1;1;1;1;0;0;1;1;0;0;0;0;0;0;0;0;0;1;1;0;F;6;4;5;1;2;3;Other;5;1;2;6;3;4;Other;4;6;2;5;1;3;Apple;V_7;V_2;V_2;V_6;V_6
87;0;1;1;0;1;1;0;1;1;1;0;0;0;1;1;1;1;0;0;1;0;1;0;0;0;1;0;0;0;1;1;0;1;M;1;5;4;2;6;3;Sony;1;4;6;3;2;5;Other;1;2;3;6;4;5;Sony;V_4;V_4;V_4;V_4;V_4
88;0;1;1;0;1;1;0;1;1;1;1;0;1;1;1;1;1;0;0;1;1;1;1;1;0;0;0;1;1;0;1;0;1;M;6;4;2;5;3;1;Canon;4;1;5;3;2;6;Sony;6;4;5;2;3;1;Other;V_6;V_2;V_7;V_7;V_7
89;0;0;1;0;1;1;0;1;0;0;1;0;0;0;1;0;0;0;0;1;1;0;0;0;0;1;0;0;0;1;0;0;1;F;5;6;3;4;1;2;DontKnow;6;2;1;4;5;3;Samsung;6;3;4;2;5;1;DontKnow;V_1;V_1;V_1;V_99;V_99
90;0;0;1;0;0;1;1;1;0;1;0;0;0;1;0;1;0;0;0;0;0;1;0;1;0;0;0;1;0;0;0;0;2;F;6;5;4;3;1;2;Nikon;4;2;1;5;6;3;Samsung;6;5;1;3;4;2;Toshiba;V_4;V_4;V_4;V_4;V_4
91;0;1;0;0;0;1;0;0;1;0;1;0;1;1;1;1;1;1;0;1;1;1;1;0;0;0;0;0;1;1;0;0;1;M;4;5;6;2;1;3;Canon;3;1;2;5;6;4;Sony;3;6;1;5;2;4;Sony;V_4;V_1;V_2;V_1;V_2
92;1;1;1;1;1;1;1;1;1;0;1;0;1;1;1;1;1;1;1;1;0;1;1;1;1;0;0;0;1;1;1;1;1;F;6;2;4;1;3;5;Other;5;1;3;6;4;2;Sony;5;3;1;4;6;2;Apple;V_2;V_4;V_4;V_4;V_4
93;0;0;0;0;1;1;0;0;0;1;1;0;0;0;0;0;0;1;1;0;0;0;1;0;0;0;0;0;0;1;0;0;2;F;6;3;4;2;1;5;Canon;3;1;2;5;6;4;Sony;6;5;4;3;2;1;Apple;V_99;V_99;V_99;V_2;V_2
94;1;0;1;0;0;0;0;0;1;1;0;0;0;1;1;1;1;0;0;1;0;0;1;0;0;0;0;0;1;1;1;1;1;M;5;6;1;3;2;4;Nikon;4;2;1;6;5;3;Philips;6;2;5;4;3;1;Apple;V_7;V_1;V_1;V_7;V_7
95;0;1;0;0;1;0;0;0;1;0;0;1;1;1;1;1;1;0;0;0;1;0;0;0;0;0;0;0;0;0;0;1;0;F;5;4;2;1;3;6;Sony;6;1;3;5;4;2;DontKnow;5;6;3;4;1;2;DontKnow;V_99;V_99;V_99;V_99;V_99
96;1;0;1;1;0;0;0;1;1;0;0;0;1;1;1;1;1;1;0;1;1;1;0;0;1;0;1;1;0;0;0;1;2;F;6;5;1;2;4;3;Other;3;1;2;6;5;4;Samsung;5;4;1;2;3;6;Other;V_1;V_2;V_4;V_4;V_4
97;1;0;1;0;1;1;0;0;1;0;1;0;1;1;1;1;1;1;1;1;0;1;1;1;1;1;1;0;1;0;0;0;1;M;6;4;2;1;3;5;DontKnow;4;2;3;6;5;1;DontKnow;4;2;3;1;6;5;Apple;V_99;V_1;V_1;V_99;V_1
98;0;0;0;0;0;1;1;1;1;0;0;1;1;1;1;1;1;0;0;1;0;1;0;1;0;0;0;1;1;1;1;1;1;M;6;5;3;1;4;2;DontKnow;4;2;3;1;6;5;DontKnow;5;3;2;6;1;4;DontKnow;V_1;V_1;V_1;V_1;V_1
99;0;0;0;0;0;0;0;0;1;0;1;1;1;1;1;1;1;1;0;0;1;1;0;0;0;1;1;0;0;1;1;0;1;M;3;4;6;2;1;5;DontKnow;4;1;2;5;6;3;Panasonic;6;5;2;4;3;1;Acer;V_2;V_7;V_2;V_99;V_99
100;1;0;1;1;1;1;0;1;0;1;1;0;0;0;0;1;1;0;0;0;0;0;0;0;0;0;0;0;1;1;1;1;0;F;6;4;5;3;2;1;DontKnow;5;1;2;6;3;4;DontKnow;3;6;2;4;5;1;DontKnow;V_2;V_1;V_1;V_1;V_1
101;0;0;0;0;0;0;0;1;0;1;1;1;0;0;0;1;0;1;1;1;0;0;0;0;1;1;0;0;0;0;0;0;1;F;5;6;4;2;1;3;Sony;6;2;1;5;3;4;Sony;6;5;2;3;4;1;Sony;V_4;V_4;V_1;V_4;V_4
102;0;0;1;0;1;1;0;1;0;0;0;0;0;1;1;0;1;1;0;1;0;1;0;0;1;1;0;1;1;1;0;0;1;M;5;4;1;2;3;6;Other;5;1;4;6;3;2;DontKnow;6;4;2;1;3;5;Apple;V_6;V_1;V_4;V_6;V_7
103;0;0;0;0;1;1;0;1;1;1;0;0;1;0;1;1;1;0;0;0;1;0;0;1;1;0;0;1;0;0;0;0;2;F;6;5;4;1;3;2;Nikon;6;1;2;4;5;3;Sony;5;6;2;3;4;1;HP;V_99;V_99;V_99;V_99;V_99
104;0;0;1;1;0;1;1;0;0;1;1;1;1;1;1;1;1;1;1;1;1;0;0;0;1;0;0;1;1;0;1;0;1;F;4;5;6;3;2;1;Nikon;4;2;5;3;6;1;Samsung;4;2;6;3;1;5;HP;V_99;V_99;V_1;V_99;V_99
105;0;0;1;0;1;1;0;0;1;0;0;1;1;0;0;1;1;1;0;0;1;0;0;0;0;0;0;0;0;1;0;0;1;F;5;4;6;2;3;1;DontKnow;4;1;2;5;6;3;DontKnow;4;6;1;3;2;5;DontKnow;V_1;V_99;V_99;V_99;V_99
106;0;0;0;0;1;0;0;0;0;0;0;0;0;0;0;1;1;0;0;1;0;0;0;0;1;0;0;0;1;0;1;0;1;F;5;6;4;3;1;2;DontKnow;6;1;3;2;5;4;Sony;5;1;2;3;6;4;HP;V_1;V_1;V_1;V_7;V_7
107;0;0;0;0;0;0;1;0;0;1;1;0;1;0;0;1;0;0;0;0;0;1;0;0;0;0;0;0;0;1;1;1;2;F;6;5;1;3;4;2;Canon;5;2;3;4;6;1;Samsung;6;3;1;5;4;2;Acer;V_4;V_99;V_2;V_2;V_99
108;0;0;1;1;1;1;1;1;0;1;1;1;1;1;1;1;1;1;0;1;0;1;0;1;1;1;1;1;0;0;0;1;2;F;6;5;3;1;2;4;Canon;4;1;2;6;5;3;Panasonic;5;6;1;4;3;2;Dell;V_2;V_99;V_99;V_1;V_1
109;1;0;1;1;1;1;0;0;1;1;0;1;1;1;1;1;1;0;0;1;0;0;1;0;0;0;0;1;1;0;0;0;1;F;6;5;3;4;1;2;Nikon;5;1;2;4;6;3;Samsung;6;4;1;5;2;3;Sony;V_2;V_2;V_2;V_2;V_2
110;1;1;1;0;1;1;1;1;1;1;0;1;1;1;1;0;1;1;1;1;0;1;1;1;1;1;1;1;0;1;1;0;1;M;5;6;4;3;2;1;Canon;3;1;2;6;5;4;DontKnow;6;5;1;4;3;2;DontKnow;V_99;V_99;V_99;V_99;V_99
111;1;0;0;0;1;1;0;0;1;1;0;0;1;1;1;0;0;0;1;0;0;1;0;0;1;0;0;0;0;1;1;1;1;F;1;3;4;5;6;2;Canon;1;5;6;2;3;4;Philips;2;1;3;4;5;6;Acer;V_2;V_7;V_2;V_2;V_2
112;0;0;1;0;0;1;0;1;1;0;0;0;1;1;1;0;1;1;0;1;1;1;0;1;1;1;1;1;1;1;0;0;1;M;5;6;3;4;1;2;Other;2;4;3;6;5;1;Samsung;5;6;3;4;1;2;HP;V_99;V_99;V_99;V_99;V_99
113;1;0;1;0;1;0;0;1;0;1;0;0;0;0;1;1;0;0;0;1;0;1;0;0;1;0;0;1;0;0;0;0;2;F;1;3;2;4;5;6;Canon;4;1;2;6;5;3;DontKnow;6;1;3;2;4;5;Other;V_2;V_99;V_99;V_99;V_99
114;1;1;1;0;1;0;0;1;0;1;1;1;1;1;1;1;1;1;0;1;1;1;1;0;1;0;0;1;1;0;0;0;1;F;1;4;5;6;2;3;Nikon;3;1;4;5;6;2;Other;6;3;1;4;2;5;Acer;V_7;V_1;V_1;V_1;V_1
115;0;1;1;1;1;1;1;0;1;0;1;0;1;1;1;1;1;0;0;1;1;1;0;0;1;0;0;0;0;1;1;1;1;F;6;5;4;1;2;3;Nikon;6;1;3;5;4;2;Philips;6;2;1;5;4;3;Apple;V_1;V_7;V_7;V_1;V_1
116;1;1;1;1;1;1;0;1;0;1;1;0;0;0;0;0;1;0;0;1;1;0;1;0;1;1;0;0;0;0;1;1;0;M;4;5;1;6;2;3;Other;5;1;2;6;3;4;Samsung;6;2;3;4;5;1;Other;V_2;V_99;V_99;V_1;V_2
117;0;1;1;1;1;1;1;0;1;1;1;1;0;0;0;1;1;0;0;0;0;1;0;0;0;0;0;0;0;1;1;1;1;F;2;6;3;5;4;1;Sony;4;1;2;6;5;3;Sony;4;6;5;3;1;2;Dell;V_7;V_7;V_7;V_1;V_1
118;0;0;0;0;0;0;0;1;1;0;0;0;0;1;0;1;1;0;0;1;0;1;0;0;1;0;0;0;0;0;1;0;2;M;6;1;5;3;4;2;Canon;6;1;3;5;4;2;Samsung;6;5;2;3;1;4;HP;V_2;V_99;V_2;V_99;V_99
119;0;1;0;0;0;0;0;0;1;1;0;1;0;0;0;1;0;0;0;0;0;0;0;0;0;0;0;0;0;1;1;0;1;M;1;2;5;3;4;6;Sony;3;6;4;1;2;5;DontKnow;2;1;5;6;4;3;HP;V_7;V_7;V_1;V_7;V_7
120;1;0;1;1;1;0;1;1;1;0;0;0;0;0;1;1;1;1;1;1;0;1;0;1;1;1;1;1;1;0;1;1;1;F;6;4;3;5;2;1;Other;5;2;1;6;4;3;Sony;6;5;1;2;4;3;HP;V_6;V_6;V_6;V_6;V_6
121;0;0;0;0;0;1;0;0;0;0;0;0;0;0;0;0;0;0;0;1;0;0;0;0;0;0;0;0;0;0;0;0;0;F;6;4;5;1;3;2;DontKnow;6;1;5;2;3;4;DontKnow;6;3;2;1;4;5;DontKnow;V_7;V_7;V_7;V_99;V_99
122;0;0;1;0;0;0;0;1;1;0;0;1;1;1;1;1;1;1;1;1;0;0;0;1;1;0;0;1;1;1;1;1;2;M;5;6;4;1;3;2;Nikon;2;3;4;5;6;1;Samsung;4;5;2;6;3;1;Apple;V_1;V_1;V_99;V_2;V_2
123;0;0;1;0;0;0;0;0;1;0;1;0;1;0;1;1;1;1;1;1;1;1;0;0;1;1;1;0;0;0;0;0;1;M;3;4;5;1;2;6;Sony;2;1;4;6;5;3;Sony;2;5;6;3;1;4;Apple;V_4;V_6;V_6;V_4;V_4
124;1;0;1;0;0;1;1;0;1;1;0;0;1;0;1;1;1;0;1;1;0;1;1;0;1;1;1;0;0;0;0;0;1;F;3;2;1;5;4;6;Sony;3;2;4;6;1;5;Sony;5;2;1;4;3;6;Apple;V_1;V_1;V_1;V_4;V_4
125;0;1;1;1;1;1;0;1;0;0;1;1;1;1;1;1;1;1;1;1;1;1;1;0;0;0;1;1;0;0;0;0;0;M;6;1;3;4;5;2;Other;1;3;5;4;2;6;Samsung;4;1;6;2;5;3;Sony;V_99;V_99;V_99;V_6;V_6
126;0;0;1;0;0;0;0;0;0;0;1;0;1;1;1;1;1;1;0;1;1;1;0;0;0;0;0;0;0;0;0;0;1;F;6;5;3;2;1;4;Other;4;2;1;6;5;3;Samsung;6;2;3;5;4;1;HP;V_2;V_2;V_2;V_2;V_2
127;0;0;0;0;0;1;0;0;0;0;0;0;0;0;0;1;0;0;1;0;0;0;0;0;0;0;0;0;0;1;1;1;1;M;5;6;2;3;4;1;Nikon;5;1;6;4;2;3;Other;6;3;1;5;2;4;Acer;V_99;V_99;V_99;V_4;V_4
128;1;0;1;1;0;1;1;1;1;1;1;0;1;1;1;1;1;1;0;1;1;1;0;1;1;1;1;1;0;1;0;1;2;F;2;1;4;5;6;3;Nikon;2;5;6;1;4;3;Sony;2;1;5;4;3;6;Apple;V_6;V_6;V_6;V_6;V_6
129;0;0;0;0;0;0;0;0;0;0;0;1;1;1;1;0;1;0;0;1;0;0;0;1;0;0;0;1;0;0;1;1;1;M;6;3;4;5;2;1;Other;5;3;1;6;2;4;Samsung;6;5;4;2;3;1;DontKnow;V_4;V_4;V_4;V_4;V_4
130;1;1;1;0;1;0;1;1;1;1;1;0;1;1;1;1;1;1;0;1;1;1;0;0;1;0;1;1;0;1;0;1;2;M;5;6;3;2;4;1;Other;4;1;3;6;5;2;DontKnow;5;6;1;2;3;4;Apple;V_99;V_99;V_99;V_99;V_99
131;0;0;1;0;0;1;0;0;1;1;0;1;1;1;1;1;0;0;0;0;0;1;0;0;0;0;0;0;0;1;1;0;1;F;1;4;2;3;6;5;Nikon;3;4;6;1;2;5;DontKnow;1;2;4;3;5;6;DontKnow;V_2;V_2;V_2;V_2;V_2
132;1;1;1;0;1;0;0;0;0;1;1;0;1;0;0;0;0;0;1;0;0;0;0;0;0;0;0;1;0;0;0;0;2;F;1;6;5;4;3;2;DontKnow;1;6;4;2;3;5;DontKnow;6;4;1;2;5;3;DontKnow;V_2;V_99;V_99;V_2;V_7
133;1;0;1;0;0;1;0;1;1;0;0;0;1;1;1;0;1;1;0;1;0;1;0;0;1;0;1;1;0;0;0;0;1;M;6;5;2;1;3;4;DontKnow;5;2;3;4;6;1;DontKnow;5;6;2;4;1;3;DontKnow;V_2;V_7;V_7;V_2;V_2
134;0;0;0;0;1;0;1;0;0;0;0;0;0;1;1;1;1;0;0;0;0;0;1;0;0;0;0;0;0;0;1;0;0;M;6;5;2;4;1;3;Sony;4;1;2;5;6;3;Samsung;6;5;1;2;3;4;HP;V_1;V_7;V_7;V_1;V_1
135;1;0;1;0;1;1;0;0;1;1;1;0;1;1;1;1;1;1;0;1;1;1;1;0;1;0;1;1;0;1;1;0;1;F;5;3;6;4;2;1;Sony;4;2;3;5;6;1;Philips;5;6;2;4;1;3;HP;V_1;V_4;V_6;V_2;V_99
136;0;0;1;0;0;1;0;0;1;0;0;0;1;1;1;1;1;1;0;1;1;1;0;0;1;1;1;1;1;1;1;0;1;F;6;3;4;5;1;2;DontKnow;5;2;1;6;4;3;DontKnow;5;6;3;4;1;2;Apple;V_99;V_99;V_99;V_99;V_99
137;0;0;1;0;1;1;0;1;0;0;1;1;1;1;1;1;1;1;0;1;0;1;0;0;0;0;1;0;0;0;0;1;0;F;4;3;6;2;5;1;Canon;4;1;3;6;5;2;Samsung;5;4;1;6;2;3;Toshiba;V_6;V_6;V_6;V_6;V_6
138;1;0;1;0;0;0;0;0;1;0;0;0;0;0;1;1;0;0;0;0;1;1;1;0;0;1;0;0;0;0;0;0;1;M;2;4;6;1;3;5;Canon;3;2;1;6;5;4;Samsung;4;5;1;6;3;2;Acer;V_1;V_99;V_99;V_1;V_1
139;0;1;1;1;0;1;0;1;1;0;1;1;1;1;1;1;1;1;1;1;1;1;0;0;1;0;0;0;1;0;0;0;1;F;6;5;2;3;4;1;Sony;6;2;4;3;1;5;Sony;6;5;1;2;3;4;HP;V_4;V_2;V_2;V_2;V_7
140;0;0;1;0;0;1;0;0;1;0;0;0;0;1;0;1;0;0;0;1;0;1;0;0;0;0;0;0;0;1;1;0;1;F;5;6;4;2;3;1;Canon;4;1;3;5;6;2;Philips;6;4;1;5;2;3;HP;V_1;V_1;V_7;V_1;V_1
141;0;0;1;1;1;1;0;0;0;0;1;0;0;1;0;1;0;0;0;1;0;0;0;1;1;1;0;1;1;1;0;1;2;M;2;3;1;4;6;5;Nikon;2;6;5;3;1;4;Philips;1;2;4;6;3;5;Dell;V_2;V_7;V_7;V_2;V_7
142;0;0;0;0;0;0;0;0;0;0;0;1;0;0;1;0;0;0;0;0;0;0;0;0;0;0;0;0;0;0;0;0;1;M;5;4;1;3;2;6;Nikon;5;2;1;4;6;3;Philips;6;4;2;3;5;1;Sony;V_1;V_2;V_99;V_2;V_99
143;0;1;0;1;1;1;0;1;1;1;1;0;1;1;0;0;0;1;0;0;1;0;0;1;0;0;0;1;0;0;1;1;1;F;6;5;4;3;1;2;Sony;4;2;1;6;5;3;Sony;5;6;2;3;4;1;Acer;V_1;V_7;V_7;V_1;V_1
144;0;0;1;0;0;0;0;0;0;0;0;0;0;0;0;0;0;0;0;0;0;0;0;0;0;0;0;0;0;0;0;0;1;F;6;4;2;3;1;5;Nikon;4;2;1;5;6;3;Sony;5;4;2;3;6;1;Sony;V_99;V_99;V_2;V_99;V_99
145;0;0;0;0;0;0;0;0;1;0;1;0;0;0;0;1;1;0;0;0;1;0;0;1;1;1;1;1;0;0;0;0;0;M;6;5;3;4;1;2;Nikon;5;1;2;4;3;6;Samsung;6;4;3;2;5;1;Apple;V_6;V_6;V_6;V_6;V_4
146;1;1;1;0;0;1;0;1;0;0;0;0;1;1;1;1;1;1;1;1;1;1;0;1;0;1;0;1;0;0;0;1;1;F;6;5;3;4;1;2;DontKnow;3;2;1;6;5;4;DontKnow;5;6;3;2;4;1;Dell;V_99;V_99;V_99;V_99;V_99
147;0;0;1;0;0;0;0;0;0;0;0;0;0;0;0;1;0;0;0;0;0;0;0;1;1;0;0;0;0;0;0;0;0;M;5;4;6;1;2;3;Nikon;4;1;3;6;5;2;Other;5;6;1;4;3;2;HP;V_99;V_99;V_99;V_99;V_99
148;0;1;1;1;1;1;0;0;1;0;0;1;1;1;1;1;1;1;1;1;1;1;1;0;1;1;1;0;0;1;0;0;1;M;6;5;2;1;4;3;Sony;4;3;2;6;5;1;Sony;5;6;3;4;1;2;HP;V_7;V_6;V_6;V_6;V_6
149;0;1;0;0;1;1;1;0;1;1;0;0;0;1;1;1;1;1;0;1;0;1;0;0;1;0;0;1;0;1;0;1;1;F;6;4;5;2;3;1;DontKnow;4;2;5;3;6;1;DontKnow;6;1;3;2;4;5;DontKnow;V_99;V_99;V_99;V_99;V_99
150;1;0;0;0;0;0;0;0;1;1;0;1;1;1;1;1;1;1;1;1;0;1;0;0;1;1;0;0;0;1;1;0;1;M;5;2;3;4;6;1;Other;5;1;3;6;4;2;Samsung;5;6;1;4;2;3;HP;V_4;V_4;V_4;V_4;V_4
151;1;0;0;1;0;1;1;1;1;0;0;0;1;1;1;1;1;1;1;1;1;1;1;1;1;0;0;1;0;0;0;1;1;M;6;5;4;1;2;3;Nikon;5;1;2;6;3;4;Philips;4;5;3;1;2;6;Apple;V_6;V_6;V_6;V_6;V_6
152;0;0;1;0;0;0;0;1;1;0;1;0;1;0;1;0;1;1;0;1;0;0;0;1;1;1;0;0;0;1;1;0;2;M;6;5;2;1;3;4;DontKnow;2;1;4;5;6;3;Philips;5;6;1;2;3;4;DontKnow;V_2;V_99;V_99;V_99;V_99
153;0;0;1;1;1;0;0;1;1;0;1;0;1;1;1;1;1;1;0;1;1;0;0;1;0;1;0;0;0;1;0;1;1;F;6;3;5;2;1;4;Sony;6;4;1;3;5;2;Philips;6;4;3;2;5;1;HP;V_2;V_2;V_2;V_2;V_2
154;1;0;1;0;0;0;0;1;1;1;0;1;1;1;1;1;1;1;1;1;1;1;1;1;0;0;0;1;0;0;0;0;2;M;5;3;2;1;4;6;Canon;3;1;4;5;6;2;Samsung;6;2;3;4;1;5;Apple;V_1;V_6;V_99;V_6;V_6
155;0;0;1;0;1;0;0;1;1;0;0;0;0;1;1;1;1;1;0;1;1;1;0;0;0;0;0;0;0;1;1;1;0;M;3;5;4;2;1;6;Nikon;4;2;1;5;6;3;Philips;4;3;6;5;2;1;Acer;V_1;V_2;V_2;V_2;V_7
156;0;1;0;0;0;0;0;1;0;0;0;1;0;1;0;0;0;0;0;0;0;0;0;0;0;1;0;0;0;0;0;0;1;F;6;5;3;2;1;4;Sony;5;2;1;4;6;3;Sony;6;5;3;4;2;1;HP;V_7;V_6;V_6;V_6;V_6
157;1;0;1;1;0;1;0;0;0;1;1;0;1;0;0;0;0;0;0;0;0;1;0;0;1;1;0;0;0;1;1;1;2;F;6;5;1;3;4;2;Sony;5;1;4;6;2;3;Sony;5;6;1;2;4;3;HP;V_1;V_99;V_99;V_99;V_1
158;0;1;1;1;0;0;0;0;1;1;0;1;0;0;1;1;1;0;0;0;0;0;0;0;0;0;0;0;0;1;1;0;0;M;6;3;5;4;2;1;Nikon;6;3;1;5;4;2;Philips;6;5;1;2;3;4;Acer;V_1;V_2;V_2;V_4;V_4
159;0;1;1;0;0;1;1;1;0;1;0;0;1;1;1;1;0;0;0;1;0;1;0;0;1;0;0;1;0;1;0;0;1;M;5;3;4;6;1;2;DontKnow;6;1;2;3;4;5;Other;6;4;2;1;3;5;HP;V_7;V_7;V_1;V_2;V_99
160;0;1;1;1;0;0;1;1;1;1;0;0;1;1;1;1;1;1;1;1;1;1;0;0;0;1;1;1;1;0;1;0;1;M;6;5;2;1;3;4;Other;2;1;3;6;5;4;Samsung;4;2;6;1;5;3;Apple;V_4;V_4;V_4;V_2;V_7
161;0;0;1;0;1;1;0;0;0;0;0;1;1;1;0;0;1;1;0;0;0;1;1;1;1;0;0;1;0;0;0;0;1;M;6;2;5;4;3;1;Sony;3;1;4;6;5;2;Sony;5;3;1;6;2;4;HP;V_4;V_7;V_7;V_2;V_7
162;0;0;1;1;0;1;0;0;1;0;0;0;1;1;0;1;0;0;0;0;1;0;0;0;0;0;0;0;0;0;0;1;1;F;5;3;6;4;1;2;DontKnow;6;3;1;4;5;2;Other;3;2;5;6;4;1;Apple;V_99;V_2;V_1;V_99;V_99
163;0;0;1;0;1;0;0;0;1;1;1;0;1;1;1;0;1;0;0;1;1;1;0;1;1;1;1;0;0;0;0;0;2;M;6;3;2;5;1;4;Other;6;1;4;2;5;3;Philips;6;3;1;4;5;2;Acer;V_2;V_2;V_99;V_2;V_2
164;1;0;0;0;0;0;0;0;1;0;0;0;0;0;1;1;1;1;1;0;0;1;1;1;1;0;0;1;1;0;0;0;2;M;6;4;5;2;3;1;Nikon;4;3;5;6;1;2;DontKnow;5;6;1;2;3;4;Apple;V_1;V_1;V_1;V_1;V_1
165;1;1;1;0;1;1;1;0;0;1;1;1;1;1;0;1;0;0;0;0;0;1;1;1;1;1;1;1;1;1;0;1;2;F;6;5;3;1;2;4;Canon;6;1;3;4;5;2;DontKnow;6;1;2;4;5;3;DontKnow;V_2;V_7;V_99;V_2;V_7
166;0;1;0;0;1;1;0;1;0;0;1;1;1;1;0;0;1;0;0;1;0;1;0;1;0;1;0;0;0;1;1;0;1;F;6;4;5;1;2;3;DontKnow;4;1;2;6;5;3;DontKnow;6;5;1;4;2;3;DontKnow;V_4;V_4;V_4;V_6;V_6
167;0;0;1;1;0;0;0;1;1;1;1;0;1;1;1;1;1;1;0;1;1;0;0;1;1;0;0;1;0;0;0;1;0;M;6;4;3;1;2;5;Canon;5;1;2;6;3;4;Samsung;6;4;5;3;2;1;Sony;V_4;V_7;V_7;V_99;V_99
168;1;1;1;0;0;0;0;1;0;0;0;0;1;1;1;0;1;0;1;1;0;1;0;0;1;1;1;1;0;0;1;1;0;M;6;5;4;1;3;2;Canon;6;1;3;5;4;2;DontKnow;6;4;1;2;3;5;HP;V_2;V_4;V_4;V_4;V_4
169;0;1;1;0;1;0;0;1;1;0;0;0;1;1;1;1;1;0;0;0;1;0;0;1;1;1;1;1;0;1;1;1;0;F;6;4;3;2;1;5;Canon;5;1;2;6;4;3;Philips;6;5;2;3;4;1;HP;V_4;V_4;V_4;V_4;V_4
170;0;0;1;1;1;1;1;1;0;1;1;0;0;0;0;0;0;0;0;0;0;0;0;0;0;0;0;0;1;1;1;1;1;F;3;6;5;4;1;2;DontKnow;2;4;1;6;3;5;DontKnow;6;1;4;3;5;2;DontKnow;V_99;V_99;V_1;V_99;V_99
171;1;0;1;0;0;1;0;1;1;0;0;0;0;0;1;1;1;1;1;0;1;1;1;0;1;1;1;0;0;0;1;0;2;M;1;4;5;6;2;3;Canon;1;5;3;4;2;6;Philips;2;3;5;4;6;1;Apple;V_99;V_99;V_99;V_99;V_99
172;0;0;1;1;1;1;0;1;0;0;1;1;1;1;0;0;0;1;0;1;0;1;1;0;1;0;1;1;0;1;1;1;1;F;6;4;5;2;1;3;Nikon;4;3;1;5;6;2;Samsung;5;3;2;4;6;1;HP;V_99;V_6;V_6;V_6;V_6
173;0;0;1;1;1;1;0;1;1;0;0;1;1;1;1;0;1;0;0;1;0;1;1;1;1;1;1;1;1;1;1;1;1;M;6;4;3;1;2;5;Nikon;4;2;1;5;6;3;Samsung;6;5;1;3;4;2;HP;V_6;V_6;V_6;V_6;V_6
174;0;0;0;1;1;1;1;1;0;0;0;0;0;1;1;0;1;0;0;1;0;1;0;0;1;1;1;1;0;1;1;1;0;F;6;2;5;3;4;1;Sony;5;1;2;6;3;4;Sony;6;2;3;5;1;4;DontKnow;V_99;V_7;V_99;V_99;V_99
175;0;0;1;0;0;1;1;1;1;1;0;0;0;1;1;1;1;0;0;1;0;1;0;0;0;1;1;0;0;0;0;1;2;F;6;4;3;5;2;1;DontKnow;4;5;1;6;2;3;DontKnow;6;1;5;4;3;2;DontKnow;V_2;V_7;V_7;V_1;V_99
176;0;1;0;0;1;1;1;1;1;0;1;1;1;1;1;1;1;0;1;1;0;1;0;0;1;0;0;1;1;1;1;0;2;F;6;5;2;1;3;4;DontKnow;6;3;1;5;4;2;DontKnow;6;3;4;1;2;5;DontKnow;V_2;V_4;V_7;V_4;V_7
177;0;1;1;1;1;1;0;1;1;1;1;1;1;0;1;1;0;0;0;0;1;1;0;0;0;0;1;1;0;0;0;0;1;F;6;5;3;1;2;4;Sony;4;1;3;6;5;2;Samsung;5;6;1;4;2;3;Acer;V_1;V_1;V_1;V_1;V_1
178;0;1;1;0;1;1;0;0;0;1;0;0;1;1;1;1;1;0;0;1;0;1;0;0;1;0;1;0;0;1;1;1;1;M;3;2;4;5;6;1;Other;4;2;5;3;6;1;Samsung;6;1;4;2;3;5;Toshiba;V_99;V_99;V_99;V_99;V_99
179;0;0;1;0;0;0;1;0;1;0;0;1;1;1;1;1;1;1;1;1;1;1;1;1;0;0;0;1;1;0;1;0;1;M;6;4;5;3;1;2;Sony;3;5;1;6;4;2;Samsung;6;4;3;2;5;1;Apple;V_6;V_6;V_6;V_6;V_6
180;1;0;1;1;0;1;0;0;1;1;1;0;0;1;0;1;1;1;0;0;0;1;1;0;1;0;0;1;1;0;1;0;1;M;4;6;3;2;5;1;Canon;6;1;5;2;4;3;Samsung;5;2;3;1;4;6;Acer;V_7;V_7;V_7;V_7;V_7
181;0;0;1;0;1;1;0;1;1;0;1;0;1;1;0;0;1;0;0;0;1;1;0;1;0;0;0;0;0;1;1;1;1;F;6;4;5;2;1;3;Other;5;3;1;4;6;2;DontKnow;6;4;3;2;5;1;Other;V_2;V_2;V_2;V_2;V_2
182;1;1;1;1;0;1;0;1;1;1;1;0;0;1;1;1;1;0;0;0;1;1;0;0;1;0;1;0;0;1;1;0;1;F;4;2;1;6;5;3;Sony;3;4;5;1;2;6;Samsung;3;2;4;1;6;5;Acer;V_4;V_2;V_2;V_2;V_4
183;0;1;1;0;1;0;0;0;0;1;0;0;0;0;0;1;0;0;0;0;1;0;0;0;0;1;0;0;0;1;1;0;1;F;6;5;2;1;3;4;Canon;5;1;3;4;6;2;Sony;6;5;2;3;4;1;Acer;V_4;V_1;V_2;V_99;V_99
184;1;0;1;0;0;1;0;0;1;0;0;0;0;1;1;1;1;1;0;1;0;1;1;0;1;0;1;1;1;0;0;0;2;M;6;2;3;5;4;1;Canon;5;1;2;6;3;4;Samsung;6;4;2;1;5;3;Other;V_7;V_6;V_6;V_6;V_6
185;0;0;1;1;1;0;0;0;1;0;0;0;1;0;0;0;1;0;0;1;1;0;0;0;1;1;0;0;0;1;1;0;0;M;6;5;3;1;2;4;Sony;6;2;1;5;3;4;Sony;6;4;1;3;5;2;Acer;V_4;V_7;V_2;V_2;V_1
186;0;1;0;0;0;0;0;0;0;0;0;0;0;0;0;0;0;0;0;0;0;1;0;0;1;0;0;1;0;1;1;0;1;F;6;4;3;5;2;1;Canon;4;2;1;5;6;3;DontKnow;6;3;4;5;2;1;DontKnow;V_7;V_7;V_2;V_6;V_7
187;0;1;0;0;1;1;1;1;1;1;0;1;0;0;1;1;1;0;0;0;0;0;0;0;0;0;0;0;0;0;0;1;1;M;1;2;5;4;6;3;DontKnow;2;4;6;1;5;3;DontKnow;4;2;5;3;1;6;DontKnow;V_7;V_7;V_7;V_99;V_99
188;0;1;1;0;1;1;0;1;1;1;0;0;0;1;1;1;0;0;0;0;1;0;1;0;0;0;0;0;0;1;1;1;1;M;6;5;2;4;3;1;Sony;6;1;2;4;5;3;Philips;6;4;2;5;1;3;HP;V_2;V_2;V_2;V_2;V_2
189;0;0;0;1;1;1;1;0;0;1;0;0;1;1;1;1;0;1;1;1;0;0;0;0;1;0;0;0;0;1;1;1;1;M;6;5;4;3;2;1;DontKnow;6;1;2;5;4;3;Other;6;5;1;2;4;3;Apple;V_7;V_7;V_1;V_99;V_99
190;0;0;0;0;1;1;0;1;0;0;0;0;0;1;0;0;1;0;0;1;0;1;0;0;1;0;1;0;0;0;0;0;2;F;4;6;1;5;2;3;Sony;2;3;5;1;6;4;Philips;5;6;1;4;2;3;Sony;V_1;V_7;V_7;V_1;V_4
191;1;0;0;0;0;0;0;0;0;1;0;1;0;0;0;0;0;1;0;0;0;0;1;1;1;1;1;1;0;0;0;1;0;M;6;2;4;5;3;1;Canon;5;2;1;6;4;3;Philips;6;4;2;5;3;1;Other;V_4;V_7;V_7;V_2;V_7
192;1;0;1;1;0;0;0;1;1;1;1;1;1;1;1;1;1;0;0;1;1;1;0;0;1;0;1;0;0;0;0;0;2;M;6;2;1;4;3;5;DontKnow;4;1;3;6;5;2;Sony;6;5;2;1;4;3;Acer;V_6;V_6;V_2;V_6;V_7
193;1;0;1;1;0;1;0;1;1;0;1;1;0;0;0;0;1;1;0;1;1;0;0;0;1;0;0;1;1;1;0;1;1;F;6;4;5;2;1;3;Canon;4;1;3;6;5;2;Panasonic;4;6;1;2;5;3;Apple;V_4;V_4;V_4;V_4;V_2
194;1;0;1;0;1;1;0;0;1;1;0;0;1;0;0;1;1;0;0;0;0;0;1;1;1;0;0;0;0;1;1;1;1;M;5;6;2;3;1;4;Canon;6;2;1;4;5;3;Sony;6;5;2;1;4;3;HP;V_1;V_1;V_1;V_1;V_1
195;0;0;0;0;1;0;0;1;1;0;0;0;1;1;1;1;1;1;0;1;0;1;0;1;1;0;1;1;0;1;1;0;1;F;4;1;3;2;5;6;Other;6;2;3;5;4;1;Panasonic;6;4;3;1;2;5;Dell;V_4;V_4;V_4;V_99;V_99
196;0;0;0;0;0;1;1;0;1;0;0;1;1;1;1;1;1;0;0;0;1;0;0;0;0;0;0;0;0;0;1;1;1;F;2;3;5;6;1;4;Other;4;6;2;1;3;5;Philips;2;1;6;5;4;3;DontKnow;V_1;V_1;V_1;V_7;V_7
197;0;1;0;0;0;0;1;0;0;0;0;1;0;0;0;0;0;0;0;0;0;0;0;0;0;0;1;0;0;0;0;1;0;F;4;1;5;3;6;2;Nikon;4;6;5;3;1;2;Samsung;2;4;5;1;3;6;Apple;V_6;V_6;V_6;V_6;V_1
198;1;0;1;1;1;1;1;1;1;1;1;0;1;1;1;1;1;1;1;1;0;1;1;1;1;0;0;1;0;0;0;0;2;F;6;5;2;1;4;3;Canon;5;1;4;6;2;3;Samsung;2;4;6;1;3;5;Sony;V_4;V_99;V_99;V_1;V_6
199;0;0;0;1;1;1;0;0;1;0;1;0;0;0;0;1;0;0;0;0;1;0;0;0;1;0;0;0;0;1;0;1;1;F;5;2;4;3;1;6;DontKnow;6;2;1;5;4;3;DontKnow;5;2;4;1;6;3;DontKnow;V_2;V_99;V_1;V_1;V_1
200;0;0;0;0;1;1;0;1;1;0;1;1;1;1;0;1;0;0;1;0;0;0;0;0;1;0;0;0;0;0;1;1;2;F;6;2;5;1;3;4;Canon;5;1;3;6;4;2;Sony;5;1;4;6;2;3;Sony;V_6;V_99;V_1;V_4;V_6
201;0;1;1;0;1;1;0;1;1;0;1;0;0;1;1;1;0;0;0;1;0;0;0;1;1;1;1;0;0;1;1;0;1;F;6;2;5;4;1;3;DontKnow;6;3;1;2;4;5;DontKnow;5;6;2;3;4;1;Acer;V_1;V_1;V_1;V_1;V_1
202;0;1;1;1;1;1;0;0;0;1;0;1;1;1;1;1;1;1;0;1;1;1;0;1;1;0;0;0;0;0;0;0;2;M;3;5;2;1;4;6;DontKnow;3;1;4;6;5;2;DontKnow;5;6;1;2;4;3;Apple;V_99;V_99;V_99;V_99;V_99
203;0;0;0;0;0;0;0;0;1;1;0;1;1;1;0;0;1;1;1;1;0;0;0;1;0;0;0;0;1;0;1;0;2;M;4;5;6;3;2;1;Canon;4;5;1;6;3;2;Philips;6;5;1;3;4;2;Acer;V_1;V_7;V_7;V_1;V_7
204;0;0;1;0;1;0;0;0;1;0;0;1;1;1;1;0;1;0;1;0;0;0;0;0;0;0;0;0;0;0;0;0;2;M;5;6;4;2;3;1;DontKnow;4;3;2;6;5;1;DontKnow;5;4;2;3;6;1;DontKnow;V_4;V_7;V_99;V_7;V_7
205;0;0;0;0;1;0;0;1;1;1;1;0;1;1;1;1;1;0;1;1;1;0;0;0;1;0;0;0;0;1;1;1;1;F;5;4;6;2;3;1;DontKnow;5;3;1;4;6;2;Samsung;5;6;2;4;3;1;Toshiba;V_1;V_4;V_4;V_99;V_99
206;0;0;0;0;1;1;1;1;1;1;0;0;1;1;1;1;1;1;1;1;0;1;0;1;0;0;1;1;0;0;0;1;2;F;6;2;4;5;3;1;Canon;4;1;3;6;2;5;Samsung;6;2;3;5;4;1;Apple;V_99;V_6;V_6;V_99;V_99
207;0;0;0;0;1;0;0;1;1;1;1;1;1;0;0;1;0;0;0;0;0;0;0;0;0;0;0;0;0;1;1;1;0;F;4;3;6;5;1;2;Canon;4;3;1;6;5;2;Philips;4;5;3;6;2;1;HP;V_1;V_7;V_7;V_1;V_1
208;0;0;0;0;1;0;0;0;1;0;1;0;0;0;1;0;1;0;0;0;0;0;0;0;1;0;1;0;0;0;0;1;1;F;5;6;2;3;4;1;Sony;6;1;5;3;4;2;Other;6;4;1;3;2;5;Dell;V_4;V_2;V_4;V_4;V_4
209;0;0;1;0;1;1;1;1;0;1;1;0;1;0;1;0;1;0;1;1;0;0;0;0;0;0;0;0;0;0;0;1;1;F;6;3;5;2;4;1;DontKnow;2;1;4;5;6;3;Samsung;6;1;4;2;3;5;Apple;V_4;V_7;V_99;V_99;V_99
210;0;0;1;0;0;0;0;1;0;0;0;1;0;1;1;0;1;0;0;1;0;1;0;0;1;0;0;0;1;1;0;0;2;M;6;2;5;1;4;3;Sony;4;2;3;6;5;1;Philips;6;2;5;4;1;3;Other;V_99;V_99;V_99;V_99;V_99
211;0;0;0;0;1;1;0;1;0;0;0;1;1;1;0;1;1;1;0;1;0;1;0;0;0;0;0;0;0;0;1;1;0;F;6;5;2;1;3;4;Canon;4;2;1;5;6;3;DontKnow;6;4;1;3;5;2;HP;V_4;V_1;V_1;V_1;V_7
212;0;0;1;1;1;0;0;1;0;1;0;0;0;1;1;0;1;0;0;1;1;0;0;1;0;0;1;0;0;1;1;1;2;M;5;4;6;2;3;1;DontKnow;5;3;2;6;4;1;Sony;4;3;6;1;5;2;Apple;V_4;V_4;V_4;V_4;V_4
213;0;0;1;0;0;1;0;1;0;0;0;1;1;1;0;0;0;1;0;1;0;0;1;0;0;0;0;0;0;1;1;0;1;M;6;4;5;3;2;1;Canon;5;2;3;6;4;1;Sony;5;4;2;6;3;1;DontKnow;V_7;V_4;V_7;V_1;V_1
214;1;1;1;0;0;1;0;0;1;1;0;0;0;0;1;1;1;0;0;0;0;1;1;1;1;0;0;1;1;0;1;1;1;M;6;5;3;2;1;4;DontKnow;6;1;4;5;3;2;DontKnow;1;2;5;6;4;3;DontKnow;V_2;V_4;V_2;V_1;V_1
215;0;0;0;0;1;0;0;0;1;0;0;0;0;0;1;1;1;0;0;0;0;0;1;0;0;0;0;1;0;0;1;0;1;M;5;6;3;1;2;4;Canon;5;2;3;6;1;4;Other;6;5;2;3;4;1;Toshiba;V_7;V_4;V_7;V_99;V_7
216;0;0;1;0;1;0;0;1;0;0;0;0;1;1;0;1;0;0;0;0;0;0;1;0;0;0;0;0;0;0;1;1;0;F;6;3;4;5;2;1;DontKnow;6;1;3;5;4;2;DontKnow;5;3;6;4;1;2;Acer;V_4;V_2;V_2;V_2;V_99
217;1;0;1;0;1;0;0;1;1;0;1;1;1;0;1;1;1;1;0;1;1;0;0;0;0;0;0;0;0;1;0;1;2;M;4;3;6;2;1;5;DontKnow;5;4;1;3;6;2;Samsung;6;2;4;5;3;1;DontKnow;V_99;V_99;V_4;V_99;V_99
218;1;0;0;1;1;1;0;0;1;1;0;0;1;1;0;0;0;0;1;0;1;1;0;1;1;1;1;1;1;1;1;1;1;F;3;6;4;1;2;5;DontKnow;4;1;2;6;5;3;DontKnow;6;5;3;1;2;4;DontKnow;V_2;V_7;V_4;V_2;V_99
219;0;0;0;0;1;1;0;0;1;0;0;0;0;0;1;1;1;0;1;0;0;0;0;0;0;0;0;0;0;1;0;0;1;M;6;4;3;2;5;1;Canon;6;4;1;3;5;2;DontKnow;5;2;1;3;4;6;Apple;V_2;V_7;V_2;V_2;V_2
220;0;0;1;0;1;1;0;1;0;0;0;0;0;1;1;1;1;0;1;1;0;1;0;0;1;1;1;1;0;0;0;0;2;M;5;4;2;3;6;1;Canon;2;1;3;6;4;5;Sony;5;3;2;4;6;1;Apple;V_4;V_7;V_7;V_4;V_7
221;1;0;1;1;0;0;0;0;0;0;0;0;1;1;1;1;1;1;0;1;1;1;0;0;0;0;0;0;1;1;1;0;1;M;5;6;3;1;2;4;Nikon;5;1;4;6;3;2;Philips;6;5;1;3;4;2;HP;V_1;V_1;V_6;V_1;V_99
222;1;1;1;1;1;1;1;1;1;1;1;1;1;1;1;1;1;1;0;1;0;1;0;0;1;1;0;1;1;1;1;1;1;F;4;6;2;1;5;3;DontKnow;6;1;5;4;2;3;DontKnow;5;6;2;4;1;3;DontKnow;V_1;V_1;V_1;V_2;V_1
223;0;0;1;0;0;1;0;0;1;0;1;1;1;0;1;1;1;0;0;1;1;1;0;0;1;0;0;0;0;1;0;1;2;M;4;3;6;1;2;5;Canon;3;1;2;5;6;4;Samsung;3;2;5;4;6;1;Acer;V_1;V_4;V_4;V_2;V_4
224;1;0;1;1;1;1;1;1;1;1;1;1;1;1;1;1;1;1;1;1;1;1;0;0;1;1;1;0;0;1;0;1;2;F;3;5;6;4;1;2;Canon;4;3;1;5;6;2;Sony;2;4;5;3;6;1;Apple;V_4;V_4;V_1;V_4;V_4
225;0;0;1;0;1;0;0;0;0;0;0;1;0;0;0;1;0;0;0;0;0;1;0;0;0;0;0;0;0;0;0;1;1;F;6;4;2;1;3;5;DontKnow;4;3;1;6;5;2;DontKnow;4;3;5;6;1;2;DontKnow;V_99;V_99;V_99;V_99;V_99
226;0;0;1;1;1;0;0;0;1;0;0;1;0;1;1;1;1;0;0;0;0;0;0;1;1;0;0;1;0;0;1;0;1;F;1;2;4;5;3;6;DontKnow;1;6;3;4;5;2;DontKnow;1;2;6;5;4;3;DontKnow;V_7;V_4;V_4;V_6;V_6
227;0;0;1;0;0;1;1;1;0;0;0;0;0;1;1;0;0;0;0;0;0;0;0;0;0;0;0;1;0;1;1;1;0;F;6;4;5;3;2;1;DontKnow;5;1;2;6;4;3;DontKnow;5;6;2;1;4;3;DontKnow;V_7;V_7;V_99;V_7;V_7
228;1;0;0;0;1;1;0;1;1;0;0;1;1;1;1;0;1;1;1;0;0;1;1;0;0;0;0;0;0;1;1;0;2;M;3;1;2;4;6;5;Nikon;4;5;6;1;2;3;Sony;1;4;3;5;2;6;DontKnow;V_4;V_4;V_1;V_99;V_99
229;0;0;0;0;0;1;0;1;0;0;0;0;0;0;0;0;0;0;0;0;0;0;0;0;0;0;0;0;0;1;1;1;1;F;6;2;5;3;4;1;DontKnow;2;1;5;6;4;3;DontKnow;5;4;1;3;2;6;Apple;V_4;V_1;V_1;V_4;V_4
230;1;0;1;1;1;1;0;1;1;1;0;1;1;1;1;1;1;1;0;1;1;1;0;0;1;1;0;0;1;1;1;1;1;M;1;2;3;5;6;4;Sony;3;4;6;2;1;5;Philips;1;2;4;3;5;6;Apple;V_4;V_1;V_1;V_1;V_1
231;1;0;1;0;0;0;0;0;1;0;0;1;1;1;1;1;1;0;0;1;0;0;1;1;1;0;0;1;1;1;1;0;2;F;6;5;4;3;2;1;Other;6;2;3;5;4;1;Philips;6;5;3;4;1;2;Acer;V_1;V_1;V_1;V_1;V_1
232;1;0;1;1;1;0;0;1;1;1;1;0;0;0;0;1;1;1;0;0;0;0;1;0;1;0;0;0;0;0;1;1;2;F;3;2;5;6;4;1;Canon;3;6;4;2;1;5;Sony;2;1;5;4;6;3;HP;V_99;V_99;V_99;V_99;V_99
233;0;0;1;0;0;1;0;0;0;0;0;0;1;1;1;1;1;1;0;0;0;1;0;0;0;1;1;1;1;0;0;1;0;M;5;6;3;1;2;4;DontKnow;5;2;4;6;1;3;DontKnow;6;2;5;1;4;3;DontKnow;V_4;V_7;V_7;V_6;V_6
234;0;1;0;0;0;0;0;0;1;0;0;1;0;0;1;1;1;0;0;0;0;0;1;1;1;0;0;0;0;0;0;0;2;M;6;5;2;3;1;4;Canon;6;2;1;4;5;3;Philips;6;5;2;3;4;1;Acer;V_6;V_6;V_99;V_6;V_6
235;0;0;0;0;1;1;0;0;0;0;0;0;0;0;0;0;0;1;1;0;0;0;0;0;1;1;0;0;0;1;1;1;1;F;6;5;4;1;3;2;Canon;5;1;4;6;3;2;Sony;6;4;1;2;3;5;Other;V_2;V_2;V_99;V_2;V_99
236;1;0;1;1;1;1;1;1;1;0;1;1;0;0;1;0;1;1;1;1;0;0;0;1;0;1;0;0;0;1;1;0;1;M;2;6;5;3;1;4;DontKnow;3;5;4;6;1;2;DontKnow;4;6;1;2;5;3;DontKnow;V_1;V_1;V_1;V_1;V_1
237;0;0;1;0;0;0;1;0;1;1;1;0;1;0;0;1;0;0;0;0;0;0;1;1;0;0;0;0;0;0;1;0;2;M;2;3;4;5;1;6;Other;2;1;3;5;4;6;Other;6;2;1;3;4;5;HP;V_2;V_2;V_2;V_99;V_1
238;1;0;1;0;0;1;1;1;0;1;1;1;1;1;0;0;0;0;0;0;0;1;0;0;0;0;0;1;0;0;1;1;1;F;6;5;3;1;2;4;Nikon;5;2;3;6;4;1;Samsung;6;4;1;2;5;3;Other;V_1;V_99;V_4;V_2;V_7
239;1;0;0;0;1;1;0;1;1;1;0;1;1;1;1;1;0;1;1;1;1;0;1;0;0;1;1;0;0;1;1;0;2;F;6;2;5;4;1;3;Sony;5;3;1;6;4;2;Sony;5;6;3;4;2;1;DontKnow;V_99;V_99;V_99;V_99;V_99
240;0;0;1;0;0;1;1;0;0;1;0;0;0;1;0;1;0;0;0;0;0;1;0;0;1;0;0;1;0;1;0;1;1;F;1;3;4;2;6;5;DontKnow;3;5;6;1;2;4;DontKnow;1;3;2;4;5;6;Apple;V_4;V_99;V_1;V_2;V_7
241;0;1;1;0;1;1;0;1;0;0;0;1;0;0;1;0;0;0;0;0;0;0;0;0;0;0;0;0;1;0;1;1;0;M;5;1;4;3;2;6;DontKnow;6;1;3;4;2;5;DontKnow;6;4;3;5;2;1;DontKnow;V_1;V_1;V_99;V_99;V_99
242;0;1;0;0;0;1;0;0;0;1;0;1;1;0;0;1;0;0;0;0;1;1;0;0;0;0;0;0;0;0;0;0;1;F;1;2;6;3;4;5;DontKnow;6;1;3;2;5;4;Philips;6;5;2;4;1;3;Acer;V_2;V_2;V_2;V_4;V_4
243;0;1;1;1;1;1;1;1;1;1;1;1;1;0;1;1;1;1;0;1;0;1;0;0;1;0;1;0;0;0;1;1;2;M;3;1;5;4;2;6;DontKnow;4;5;3;2;1;6;DontKnow;5;1;4;2;3;6;DontKnow;V_99;V_99;V_7;V_99;V_99
244;0;0;1;1;0;1;0;1;0;1;0;0;0;1;0;1;1;0;0;0;0;1;0;0;1;1;1;1;0;1;1;1;2;F;6;2;3;1;4;5;Nikon;4;1;3;5;6;2;Samsung;5;6;2;3;1;4;Toshiba;V_4;V_99;V_4;V_4;V_99
245;1;1;0;0;0;1;1;1;1;1;0;0;0;1;0;1;1;0;0;1;0;1;1;0;0;0;0;1;1;1;1;1;1;M;6;5;1;3;4;2;Nikon;6;3;2;5;4;1;DontKnow;6;5;2;3;4;1;DontKnow;V_2;V_2;V_2;V_7;V_7
246;1;1;0;0;1;1;0;1;0;0;0;1;0;1;1;1;1;0;0;1;0;1;1;0;0;0;0;0;1;0;1;0;2;M;6;2;5;1;3;4;DontKnow;6;3;1;5;4;2;DontKnow;3;4;6;2;1;5;DontKnow;V_99;V_99;V_99;V_99;V_99
247;1;1;1;1;1;1;0;1;1;1;1;1;0;0;1;0;1;0;0;0;0;0;0;1;1;1;1;1;1;0;0;0;1;F;6;2;4;1;5;3;Other;6;1;4;5;3;2;Sony;6;3;1;4;2;5;Dell;V_7;V_7;V_7;V_7;V_7
248;1;1;0;0;0;1;0;0;1;1;1;1;1;1;1;0;0;0;1;0;0;0;0;0;1;0;0;1;0;1;1;0;1;F;6;5;3;1;2;4;Canon;4;1;2;6;3;5;Panasonic;5;3;1;6;4;2;DontKnow;V_99;V_4;V_99;V_99;V_99
249;1;0;1;0;1;1;1;0;1;1;1;1;1;1;1;1;1;0;0;1;0;0;0;1;1;0;0;1;0;0;0;1;0;F;6;4;1;3;2;5;Canon;4;1;3;6;5;2;Panasonic;6;3;4;2;5;1;Other;V_99;V_99;V_7;V_99;V_4
250;0;1;1;0;1;1;0;1;0;0;1;0;1;1;1;0;1;0;0;0;0;0;0;0;1;1;1;0;0;1;1;1;0;F;6;4;5;3;1;2;Other;5;2;1;6;3;4;Sony;6;4;5;2;3;1;Dell;V_4;V_7;V_4;V_4;V_4
251;0;1;1;0;0;0;0;0;0;0;0;0;0;0;0;1;0;0;0;0;0;1;0;0;0;0;0;0;0;1;1;1;1;M;6;4;2;1;5;3;Canon;6;2;1;4;5;3;Sony;6;5;2;4;3;1;Apple;V_99;V_99;V_99;V_99;V_99
252;1;0;1;0;1;0;0;0;1;1;1;1;0;0;1;0;1;0;1;1;0;0;0;1;0;1;1;0;0;0;1;0;0;F;6;4;3;1;2;5;Canon;4;2;3;6;5;1;Samsung;3;6;2;5;1;4;Apple;V_99;V_99;V_99;V_4;V_4
253;1;0;1;1;0;1;0;1;1;1;0;1;1;1;1;1;1;0;1;0;1;0;0;1;0;0;0;0;1;1;1;1;0;M;6;5;4;3;2;1;Other;4;1;2;5;6;3;Philips;6;5;2;3;4;1;Dell;V_2;V_99;V_99;V_99;V_99
254;0;0;1;0;0;0;0;0;0;0;0;0;1;1;1;1;1;1;1;1;1;1;1;0;1;0;0;0;1;0;1;0;2;M;5;6;1;3;4;2;Sony;4;1;3;6;5;2;Samsung;6;4;1;2;3;5;Apple;V_4;V_4;V_4;V_4;V_4
255;0;1;0;0;0;0;0;1;0;0;0;1;1;0;1;0;0;1;1;0;1;1;0;0;0;0;0;0;0;0;0;1;1;M;5;1;6;4;2;3;Sony;4;2;1;6;5;3;Panasonic;6;2;5;4;3;1;Dell;V_4;V_99;V_6;V_2;V_4
256;0;0;1;0;0;1;1;1;1;1;0;1;1;1;1;1;1;0;0;1;0;0;0;0;0;0;0;0;0;1;1;1;1;F;6;4;5;3;1;2;Canon;3;1;2;6;4;5;Sony;4;3;2;6;5;1;Apple;V_2;V_2;V_1;V_1;V_2
257;0;0;0;0;0;1;0;0;0;0;0;0;0;0;1;0;1;1;0;0;1;1;0;0;0;0;0;0;1;0;1;1;2;F;5;6;4;3;2;1;Other;6;3;2;1;5;4;Sony;4;5;6;2;3;1;Other;V_1;V_7;V_7;V_1;V_1
258;0;1;1;0;1;0;1;0;1;1;0;1;1;0;0;0;0;0;0;0;0;1;0;0;1;0;0;0;1;1;0;0;1;F;6;4;1;2;3;5;Other;4;2;3;5;6;1;DontKnow;6;3;1;5;2;4;Apple;V_1;V_6;V_6;V_1;V_7
259;0;1;0;0;1;1;0;0;1;0;1;1;1;0;0;1;0;1;1;1;1;1;0;1;0;0;0;0;0;1;1;0;1;F;6;3;4;2;1;5;Nikon;6;2;1;3;5;4;Other;6;2;1;5;4;3;Apple;V_4;V_4;V_4;V_4;V_4
260;0;0;1;0;1;1;0;1;1;1;1;0;1;1;1;1;1;1;0;1;0;1;0;1;0;0;0;0;0;0;1;1;0;M;6;5;3;4;2;1;Canon;4;2;1;6;5;3;Samsung;5;2;6;3;4;1;Apple;V_4;V_4;V_99;V_2;V_6
261;0;1;0;0;1;1;0;1;0;1;1;1;1;1;1;1;1;1;1;1;1;1;0;0;1;1;1;1;0;1;0;1;0;F;4;6;2;1;5;3;DontKnow;4;1;2;6;5;3;DontKnow;6;5;1;2;3;4;DontKnow;V_1;V_1;V_99;V_1;V_1
262;0;0;1;1;0;1;0;0;1;0;0;0;0;0;0;1;1;0;0;0;1;0;0;0;0;0;0;0;0;1;0;0;1;F;6;5;4;2;3;1;Sony;4;1;2;5;6;3;Philips;6;5;1;3;4;2;HP;V_4;V_99;V_99;V_4;V_4
263;0;0;1;1;1;1;1;0;1;1;1;0;1;0;1;1;0;0;0;0;0;0;0;0;0;1;0;0;0;0;0;1;0;F;6;3;2;1;4;5;Sony;5;1;3;6;4;2;Sony;6;2;3;4;1;5;Apple;V_99;V_6;V_6;V_99;V_99
264;0;1;1;1;0;0;1;1;1;0;0;0;1;0;1;1;1;1;1;1;1;1;0;0;0;0;0;0;0;0;1;1;0;F;6;5;4;2;3;1;Canon;4;3;2;5;6;1;Other;4;6;2;5;1;3;HP;V_99;V_7;V_99;V_1;V_7
265;0;1;1;0;1;1;0;1;1;0;1;0;1;1;1;1;1;1;0;1;0;1;0;0;0;0;0;1;0;1;1;0;1;M;6;5;3;4;1;2;Nikon;3;2;1;6;4;5;Philips;6;5;3;4;2;1;Sony;V_1;V_1;V_1;V_1;V_1
266;0;0;1;0;1;1;0;0;1;0;0;0;0;0;0;0;1;0;1;1;0;1;0;0;0;0;0;0;0;1;1;0;1;M;2;1;4;3;6;5;DontKnow;1;3;6;2;5;4;Sony;3;1;6;4;5;2;DontKnow;V_7;V_1;V_1;V_1;V_7
267;0;1;1;0;0;0;0;1;1;0;0;0;1;1;1;0;1;0;1;1;0;1;0;1;1;0;0;1;0;1;0;0;1;M;6;2;5;3;4;1;Nikon;3;1;4;5;6;2;Panasonic;5;6;4;1;2;3;HP;V_2;V_1;V_1;V_1;V_4
268;0;1;1;1;0;1;0;0;1;1;0;1;0;1;0;0;1;1;0;0;0;1;1;0;1;0;1;0;1;0;1;0;1;M;2;6;3;1;5;4;Canon;3;1;2;5;6;4;Philips;6;3;1;2;4;5;HP;V_4;V_2;V_1;V_1;V_1
269;1;1;1;1;1;1;1;1;1;1;1;1;1;1;1;1;1;1;1;1;1;0;1;1;0;1;0;1;0;1;1;1;0;F;6;5;4;1;3;2;Nikon;6;2;4;5;1;3;Sony;6;5;3;4;2;1;Sony;V_6;V_2;V_1;V_4;V_2
270;0;0;1;1;1;1;0;1;1;1;1;0;1;1;1;1;1;1;1;1;1;1;1;0;0;1;1;1;0;0;0;0;0;F;5;6;4;3;1;2;Canon;3;2;1;5;6;4;Panasonic;5;4;2;3;6;1;HP;V_4;V_4;V_4;V_2;V_4
271;0;1;0;0;1;1;0;1;1;1;0;1;1;1;1;1;1;0;0;1;0;1;0;0;1;0;0;1;1;0;0;1;1;M;6;5;3;1;2;4;Nikon;6;1;2;5;4;3;Sony;6;5;1;3;4;2;HP;V_7;V_4;V_4;V_1;V_1
272;0;0;1;0;1;1;0;1;1;0;1;0;1;1;0;1;0;1;0;1;0;0;0;0;0;0;0;0;0;1;1;1;2;F;5;6;1;3;2;4;DontKnow;4;3;2;6;5;1;DontKnow;4;6;3;5;1;2;Other;V_2;V_2;V_2;V_2;V_2
273;1;0;1;0;1;1;1;1;1;1;1;0;1;1;1;1;1;1;0;1;1;1;0;0;0;1;0;0;1;0;0;1;0;F;6;4;3;1;2;5;Canon;5;3;2;6;4;1;Sony;5;6;1;4;2;3;HP;V_99;V_7;V_99;V_99;V_99
274;0;0;1;0;1;1;0;1;1;1;0;0;1;0;1;1;1;0;0;0;1;1;0;1;1;0;0;0;0;1;0;0;1;F;1;4;2;5;3;6;Canon;2;3;5;4;6;1;Sony;5;6;1;4;2;3;Toshiba;V_1;V_1;V_1;V_1;V_1
275;0;0;1;0;1;1;0;1;0;0;1;0;0;1;1;1;0;0;0;0;0;1;0;0;1;0;0;0;1;0;1;1;1;F;6;5;2;3;4;1;Nikon;5;2;4;3;6;1;DontKnow;6;5;1;2;3;4;DontKnow;V_99;V_99;V_99;V_99;V_99
276;1;0;0;0;0;0;1;0;1;0;0;0;1;1;1;1;1;1;1;1;0;1;0;0;0;0;0;0;0;1;1;1;2;F;6;3;2;1;5;4;Canon;4;1;3;6;5;2;Philips;6;5;1;2;3;4;HP;V_1;V_1;V_1;V_1;V_99
277;0;1;0;1;1;1;1;1;0;1;0;0;0;1;0;0;0;0;0;0;0;0;1;0;0;0;0;1;0;1;1;1;1;F;6;5;4;1;3;2;Canon;5;1;4;6;3;2;Sony;5;4;3;6;2;1;HP;V_7;V_7;V_1;V_1;V_7
278;0;0;1;1;1;0;0;1;1;1;1;0;1;1;1;1;1;1;1;1;1;1;1;0;1;0;0;0;0;0;0;0;2;M;1;2;6;3;4;5;Sony;1;2;3;5;6;4;Philips;1;5;2;3;6;4;Apple;V_4;V_99;V_1;V_1;V_1
279;1;1;1;0;0;1;0;1;1;0;0;1;0;1;1;1;1;1;1;0;0;1;0;0;1;1;1;1;0;1;1;1;1;M;6;3;5;4;2;1;Canon;2;3;1;6;5;4;DontKnow;6;2;5;4;3;1;HP;V_2;V_2;V_2;V_2;V_2
280;1;1;1;1;1;1;1;1;1;1;1;1;1;1;1;1;1;1;1;1;1;1;1;1;1;1;1;1;0;1;1;1;1;M;5;4;3;2;1;6;Nikon;4;3;1;6;5;2;DontKnow;5;6;4;3;2;1;Apple;V_1;V_4;V_1;V_1;V_1
281;1;1;0;0;0;1;0;1;1;0;0;0;1;1;1;0;1;0;0;1;0;0;0;0;0;0;0;0;1;0;1;1;0;M;5;4;6;1;3;2;Canon;5;1;2;4;6;3;Samsung;6;4;3;5;2;1;HP;V_1;V_1;V_1;V_1;V_1
282;0;0;0;0;1;1;0;1;1;0;0;0;1;1;0;1;1;1;1;1;0;1;0;0;0;0;0;0;0;0;0;0;1;F;6;2;5;3;1;4;DontKnow;5;3;2;6;4;1;Panasonic;5;6;1;4;3;2;Apple;V_4;V_4;V_4;V_2;V_2
283;0;0;1;1;1;0;0;0;0;1;1;1;1;0;0;0;0;1;1;1;0;1;0;0;0;0;1;0;0;1;0;1;1;F;2;1;3;5;4;6;Other;3;6;4;2;1;5;Samsung;3;2;1;4;5;6;Apple;V_99;V_7;V_99;V_99;V_7
284;0;1;0;0;1;0;0;0;0;0;0;1;1;1;1;0;1;0;0;0;1;1;0;0;1;1;1;0;0;1;1;1;0;M;6;4;3;5;2;1;Canon;4;1;3;6;5;2;Sony;4;6;2;5;1;3;DontKnow;V_2;V_6;V_6;V_2;V_2
285;1;0;0;0;1;1;0;1;0;1;0;0;1;0;1;1;1;1;0;1;0;1;1;0;0;1;1;1;0;0;0;0;2;M;6;5;2;1;3;4;Canon;5;1;3;4;6;2;DontKnow;6;5;3;4;1;2;HP;V_6;V_6;V_6;V_6;V_6
286;1;0;1;0;1;1;0;1;0;1;1;0;1;1;0;0;1;1;1;1;0;1;0;0;1;0;0;0;0;1;0;1;1;F;5;6;2;3;4;1;Other;5;1;3;6;4;2;Philips;5;2;1;3;4;6;Dell;V_4;V_1;V_1;V_1;V_1
287;0;0;1;1;1;1;0;1;0;0;0;1;1;1;0;1;1;1;0;0;0;0;0;0;1;0;0;0;0;1;1;1;0;F;2;5;6;4;1;3;Other;4;2;1;6;5;3;Sony;3;6;2;5;4;1;Sony;V_4;V_4;V_4;V_4;V_4
288;1;1;0;1;0;1;0;0;1;0;0;1;1;1;1;1;1;0;0;1;0;1;1;0;0;0;0;0;1;1;1;0;1;M;6;3;2;4;5;1;DontKnow;6;1;4;2;5;3;DontKnow;6;2;1;5;4;3;DontKnow;V_2;V_2;V_2;V_2;V_1
289;1;0;1;0;0;1;0;0;1;1;1;0;1;1;1;0;1;1;1;1;0;1;0;1;1;0;1;1;1;0;0;0;2;M;5;2;6;3;4;1;DontKnow;6;1;3;4;5;2;DontKnow;6;5;1;2;3;4;DontKnow;V_99;V_99;V_99;V_99;V_99
290;0;0;1;0;1;1;0;0;0;1;1;1;0;1;1;0;0;0;0;1;1;0;0;0;0;0;0;0;0;1;1;1;1;F;6;3;5;4;2;1;Canon;5;6;4;1;2;3;Philips;2;1;6;5;4;3;DontKnow;V_7;V_7;V_99;V_99;V_99
291;0;1;1;0;0;1;1;1;1;0;1;0;0;0;1;1;1;0;1;1;0;0;0;1;0;1;1;0;0;1;0;0;1;F;5;6;3;2;4;1;Other;5;1;2;4;6;3;DontKnow;6;5;2;4;3;1;DontKnow;V_99;V_99;V_2;V_2;V_2
292;0;0;0;0;0;0;0;1;1;0;1;0;1;1;1;1;1;1;1;1;1;1;0;0;0;0;0;0;1;1;0;1;1;F;1;6;3;2;4;5;Canon;2;5;3;6;1;4;DontKnow;1;2;5;6;4;3;DontKnow;V_4;V_4;V_4;V_1;V_7
293;0;0;0;0;0;1;0;1;1;0;0;0;1;0;0;1;1;0;0;1;0;0;0;0;0;1;0;0;0;1;1;1;2;M;5;4;2;1;6;3;Nikon;3;1;4;5;6;2;Sony;4;5;2;3;1;6;HP;V_1;V_1;V_1;V_1;V_1
294;0;0;1;0;0;1;0;0;0;0;1;1;0;0;1;0;1;0;0;0;0;1;0;0;0;0;0;1;0;1;1;1;2;F;6;5;2;1;4;3;Canon;3;2;4;5;6;1;Samsung;6;3;1;2;4;5;DontKnow;V_99;V_99;V_99;V_99;V_99
295;0;1;0;0;1;1;0;0;0;0;1;0;0;0;0;0;0;0;0;0;0;0;0;0;0;0;0;0;0;1;1;0;2;F;6;5;2;1;4;3;DontKnow;2;3;4;5;6;1;DontKnow;6;3;1;2;4;5;DontKnow;V_99;V_99;V_99;V_99;V_99
296;0;0;1;0;1;1;0;1;1;0;0;1;1;1;1;1;1;1;0;1;0;1;0;1;1;1;1;1;0;1;0;1;2;M;6;3;5;2;4;1;DontKnow;6;1;3;4;5;2;DontKnow;6;5;2;1;3;4;HP;V_1;V_1;V_1;V_99;V_1
297;0;0;0;0;1;1;0;0;0;1;0;0;1;1;1;1;1;0;1;1;1;1;1;0;1;0;0;1;0;0;1;0;1;F;6;5;3;1;4;2;Sony;4;1;3;6;5;2;Samsung;6;4;3;1;2;5;Apple;V_2;V_1;V_1;V_2;V_2
298;0;1;1;0;1;1;0;1;1;1;0;1;1;1;1;1;1;1;1;1;1;1;1;1;0;0;0;0;0;0;0;0;0;F;4;6;2;1;3;5;Canon;1;3;4;2;5;6;Samsung;6;2;4;3;5;1;Sony;V_2;V_1;V_1;V_1;V_2
299;1;0;0;0;0;0;0;0;0;0;0;0;0;1;0;1;0;0;0;0;1;1;0;0;0;0;0;0;0;0;1;1;2;F;1;3;2;4;6;5;Sony;1;5;6;2;3;4;Sony;1;2;4;3;5;6;Apple;V_99;V_99;V_99;V_99;V_99
300;0;0;1;0;1;1;0;0;1;1;1;0;0;0;1;1;1;0;0;0;0;1;0;0;1;0;0;0;0;0;0;0;2;F;1;6;3;4;5;2;Sony;5;6;4;1;2;3;Samsung;1;4;2;6;5;3;Other;V_4;V_6;V_6;V_6;V_99
301;0;0;1;1;1;1;0;1;0;0;0;1;1;1;1;1;1;1;1;1;1;1;1;0;1;0;1;1;0;1;0;1;0;F;6;4;1;2;5;3;Nikon;4;1;3;5;6;2;Sony;6;3;1;2;4;5;Apple;V_2;V_99;V_1;V_99;V_99
302;0;1;0;0;1;1;0;1;1;0;0;0;1;0;0;0;0;0;0;0;0;1;0;0;0;0;0;1;0;1;1;0;0;M;6;2;3;1;5;4;Other;6;1;4;3;5;2;Sony;6;4;1;2;3;5;Apple;V_1;V_1;V_1;V_1;V_1
303;1;0;1;1;0;1;1;1;1;1;0;0;1;1;1;1;1;0;0;1;0;1;1;0;0;0;0;0;0;0;1;1;1;M;5;6;2;1;3;4;Nikon;4;2;3;6;5;1;Sony;6;5;4;2;1;3;Toshiba;V_2;V_4;V_4;V_99;V_2
304;0;0;1;1;1;1;1;1;1;1;1;0;1;1;1;1;1;0;0;1;0;1;0;1;1;1;1;1;0;1;1;1;2;M;5;1;6;2;4;3;Other;4;1;3;6;5;2;Sony;4;2;3;5;1;6;Apple;V_4;V_2;V_99;V_4;V_2
305;1;0;1;1;1;1;0;1;1;1;0;1;1;1;1;1;1;1;0;1;1;0;1;1;1;1;0;1;0;0;0;0;1;M;6;3;5;2;1;4;Sony;5;1;3;6;4;2;Philips;5;6;2;4;3;1;HP;V_2;V_7;V_99;V_2;V_2
306;0;0;0;0;1;1;0;0;0;0;1;1;0;0;1;1;0;0;0;0;0;0;0;0;0;0;0;0;0;1;1;1;1;F;6;4;5;3;2;1;DontKnow;5;4;1;6;3;2;Philips;6;5;3;2;4;1;Other;V_7;V_7;V_7;V_1;V_1
307;0;1;1;0;0;1;0;1;0;1;0;0;1;1;1;0;1;0;0;1;1;1;1;0;0;0;0;0;0;1;1;0;1;F;5;6;3;2;4;1;Canon;6;1;5;3;4;2;Philips;6;3;2;1;4;5;Apple;V_4;V_7;V_7;V_7;V_7
308;0;0;1;0;1;1;1;0;0;1;0;0;1;0;0;0;1;0;0;1;1;0;1;0;1;0;0;0;1;0;0;0;1;F;5;6;4;3;1;2;Canon;6;2;1;3;5;4;DontKnow;6;5;1;4;2;3;DontKnow;V_2;V_1;V_1;V_1;V_1
309;0;0;0;0;0;0;0;0;1;0;0;0;0;1;1;1;1;0;0;0;0;0;0;0;1;1;0;0;0;1;1;0;2;F;6;2;1;5;4;3;Sony;5;1;3;2;6;4;Philips;5;6;3;4;1;2;HP;V_7;V_7;V_99;V_99;V_99
310;0;0;1;1;1;0;0;0;0;1;1;1;0;0;0;1;1;1;0;1;0;1;1;0;1;0;0;0;0;0;1;1;2;F;4;3;1;2;5;6;Sony;3;6;5;2;1;4;Philips;5;6;2;4;1;3;Sony;V_4;V_4;V_4;V_4;V_7
311;1;0;1;1;1;0;0;0;0;0;0;0;1;0;0;1;1;0;0;0;0;0;1;0;1;0;0;1;1;0;0;1;2;F;6;4;2;1;5;3;Canon;6;1;4;3;5;2;Philips;6;4;1;3;2;5;Dell;V_6;V_6;V_6;V_6;V_6
312;1;0;0;1;0;0;0;1;1;0;0;0;1;1;0;1;1;1;1;1;0;1;1;1;1;0;0;1;1;0;0;0;1;M;5;6;3;1;4;2;Nikon;4;6;1;2;5;3;Other;2;4;3;6;5;1;HP;V_1;V_1;V_1;V_2;V_2
313;1;0;1;1;1;0;0;1;1;1;1;0;1;0;1;1;1;1;0;1;1;0;1;1;0;0;0;1;1;1;0;1;0;F;1;6;5;3;4;2;Canon;4;1;3;6;5;2;Sony;5;6;1;4;3;2;HP;V_4;V_99;V_99;V_1;V_1
314;1;0;1;1;0;0;0;1;1;0;0;1;1;1;1;1;1;1;0;1;1;1;0;0;1;1;1;1;1;0;0;1;1;M;5;6;2;4;3;1;Other;6;1;3;4;5;2;Panasonic;6;4;2;5;1;3;HP;V_2;V_99;V_7;V_1;V_6
315;0;1;1;1;0;0;0;0;1;1;1;1;1;1;1;1;1;1;1;1;0;0;0;1;1;0;0;1;0;1;0;1;2;F;6;2;1;4;5;3;Nikon;5;1;4;6;3;2;Sony;5;2;4;3;1;6;Apple;V_4;V_7;V_7;V_1;V_1
316;0;0;1;1;0;1;0;1;1;1;1;0;0;1;0;1;0;1;1;1;0;0;0;0;0;0;0;0;0;1;1;1;0;F;1;4;5;6;2;3;DontKnow;4;1;3;5;6;2;DontKnow;5;6;1;3;2;4;HP;V_7;V_4;V_4;V_1;V_1
317;0;1;1;0;1;0;0;0;0;1;1;1;1;0;0;1;0;1;1;1;0;1;1;0;0;0;0;0;0;1;1;1;2;F;4;1;5;3;6;2;Nikon;2;4;6;1;3;5;Samsung;4;5;2;3;1;6;Apple;V_6;V_99;V_1;V_6;V_6
318;0;0;1;0;1;1;0;1;1;0;0;0;0;1;1;1;0;0;0;0;1;0;0;0;0;0;0;0;0;1;1;0;1;M;5;2;3;1;4;6;DontKnow;5;1;2;4;3;6;DontKnow;6;4;1;2;5;3;Acer;V_1;V_1;V_1;V_99;V_99
319;0;0;1;1;1;1;0;1;0;1;1;1;0;1;0;1;1;0;0;0;0;0;0;0;0;0;0;1;0;0;1;1;0;F;4;2;1;6;3;5;Nikon;6;5;3;1;2;4;Sony;6;1;4;2;5;3;Acer;V_99;V_2;V_2;V_1;V_1
320;0;1;0;0;1;1;0;1;0;0;0;0;0;0;0;1;0;0;0;0;1;0;0;0;1;0;0;0;1;0;1;0;1;F;6;4;3;1;2;5;DontKnow;5;1;3;6;4;2;DontKnow;6;5;1;3;4;2;DontKnow;V_1;V_1;V_4;V_1;V_1
321;0;0;1;1;0;1;1;0;0;1;1;1;1;0;1;1;1;1;0;0;0;1;1;1;1;1;1;1;0;1;1;1;2;F;6;5;2;1;4;3;Nikon;6;1;3;5;4;2;Samsung;6;3;4;1;2;5;HP;V_1;V_7;V_7;V_2;V_7
322;1;0;1;1;1;1;1;1;1;1;1;1;1;1;1;1;1;1;1;1;0;1;1;1;1;0;0;1;0;0;0;1;2;M;6;5;3;2;4;1;Other;4;3;2;6;5;1;Samsung;2;6;4;5;3;1;Apple;V_6;V_6;V_6;V_6;V_6
323;1;0;1;0;0;0;0;0;1;1;0;0;1;0;1;1;1;0;1;1;0;1;0;0;1;0;0;0;0;0;0;0;1;M;6;4;1;2;3;5;Other;6;3;5;4;1;2;Sony;6;4;1;2;3;5;Sony;V_6;V_6;V_6;V_6;V_6
324;1;1;1;0;0;0;0;0;0;1;0;0;1;1;1;1;1;0;0;1;0;1;0;0;0;0;0;0;1;0;0;0;2;F;6;5;3;2;4;1;DontKnow;4;1;2;6;5;3;DontKnow;6;5;3;4;1;2;DontKnow;V_2;V_2;V_2;V_2;V_2
325;1;0;0;0;0;0;0;0;1;0;0;1;0;0;1;1;0;0;0;1;0;0;1;1;1;1;0;1;0;1;1;1;1;M;6;5;4;3;1;2;Canon;6;1;2;5;4;3;Sony;6;5;3;4;1;2;Apple;V_1;V_1;V_1;V_1;V_1
326;0;0;1;1;1;1;0;1;1;0;1;0;1;1;1;0;0;1;0;1;1;0;0;0;0;0;0;0;0;1;1;1;0;F;1;2;5;4;3;6;DontKnow;2;6;5;4;1;3;Sony;1;2;5;6;3;4;DontKnow;V_2;V_2;V_2;V_2;V_2
327;1;0;1;0;0;1;0;1;1;0;1;0;1;1;1;1;1;0;0;0;0;1;0;0;0;0;0;0;0;1;1;1;1;F;6;5;3;1;4;2;Canon;5;2;3;6;1;4;DontKnow;6;5;2;3;1;4;DontKnow;V_99;V_99;V_2;V_2;V_2
328;0;0;0;0;1;1;0;1;0;0;0;0;1;0;1;1;1;1;0;1;1;0;0;0;0;0;0;0;0;1;0;1;0;F;3;2;5;6;1;4;Canon;1;6;5;2;4;3;Panasonic;1;5;6;4;2;3;Apple;V_4;V_4;V_4;V_4;V_1
329;1;0;1;0;1;1;0;1;1;0;1;1;0;1;1;1;1;1;0;1;1;1;1;1;1;1;1;1;0;0;1;0;1;F;5;6;3;1;2;4;DontKnow;4;1;3;5;6;2;Panasonic;5;6;4;1;3;2;DontKnow;V_7;V_7;V_1;V_4;V_4
330;0;0;1;0;0;1;0;0;0;0;0;1;1;0;1;0;0;1;0;1;0;1;1;1;1;0;0;0;0;0;0;0;1;F;6;2;3;1;5;4;Canon;3;1;6;5;4;2;Philips;6;5;2;3;1;4;HP;V_7;V_6;V_4;V_6;V_6
331;0;0;0;0;1;1;0;0;0;1;0;1;1;0;1;1;1;1;1;1;0;1;1;0;0;0;0;0;0;0;0;1;0;F;2;3;6;5;4;1;Nikon;5;1;3;6;2;4;DontKnow;6;5;1;2;4;3;HP;V_1;V_1;V_1;V_1;V_1
332;1;0;1;1;1;0;1;1;1;1;1;0;1;1;0;1;1;0;1;1;0;1;1;1;1;0;0;1;1;0;1;0;0;M;6;2;1;3;4;5;Nikon;4;2;5;6;3;1;Other;4;6;2;3;1;5;Toshiba;V_7;V_1;V_1;V_1;V_1
333;0;0;1;0;1;1;0;1;0;1;0;0;1;1;1;1;1;1;1;1;0;0;0;0;0;1;1;0;0;1;1;1;2;M;6;3;1;2;4;5;Canon;6;1;2;3;5;4;DontKnow;6;1;3;4;2;5;DontKnow;V_4;V_7;V_6;V_1;V_1
334;1;0;1;0;0;0;0;0;1;1;0;0;1;0;0;1;1;1;1;1;1;1;1;1;1;0;0;1;0;0;0;0;0;M;4;3;5;1;2;6;Canon;2;6;3;5;1;4;Samsung;1;3;5;4;6;2;Dell;V_4;V_7;V_7;V_6;V_6
335;0;0;0;0;0;0;0;1;0;1;0;0;1;1;1;1;1;1;1;1;1;1;0;1;1;0;0;0;0;1;1;0;1;M;6;4;2;1;5;3;Canon;3;1;4;5;6;2;Samsung;6;1;2;3;5;4;Acer;V_1;V_99;V_99;V_1;V_1
336;0;0;0;0;1;0;0;1;0;1;0;0;1;1;1;0;1;1;1;1;1;1;0;0;0;0;0;1;0;0;1;1;1;F;6;4;3;1;2;5;Nikon;4;1;2;6;5;3;DontKnow;6;4;2;1;5;3;DontKnow;V_99;V_99;V_99;V_99;V_99
337;0;0;1;1;0;1;0;1;1;1;1;0;1;1;1;1;0;0;1;1;1;0;0;0;0;0;0;0;0;1;1;1;1;F;5;4;6;3;2;1;Sony;5;2;3;6;4;1;Samsung;5;6;2;4;3;1;Other;V_4;V_7;V_99;V_4;V_4
338;0;1;0;0;1;1;1;1;0;0;0;1;1;1;1;0;1;1;1;1;0;0;0;1;0;0;0;0;0;1;1;1;1;F;5;3;6;4;2;1;DontKnow;6;2;1;5;4;3;Sony;6;4;3;2;5;1;Apple;V_1;V_1;V_1;V_99;V_99
339;0;0;1;0;0;0;0;0;1;0;1;0;0;0;0;1;0;0;0;0;0;0;1;1;0;0;0;0;0;1;1;0;0;F;4;5;1;6;3;2;DontKnow;3;2;6;5;1;4;Sony;1;6;5;3;2;4;Acer;V_4;V_99;V_4;V_2;V_4
340;0;1;1;1;1;1;0;1;1;0;1;0;1;1;0;1;1;1;0;1;1;1;0;0;0;0;1;0;0;1;1;1;2;F;6;2;5;3;1;4;Nikon;6;2;3;4;5;1;Sony;6;3;5;4;2;1;HP;V_6;V_6;V_2;V_6;V_6
341;0;0;0;0;1;1;0;1;1;1;0;1;1;1;1;1;1;0;1;1;1;1;0;0;0;0;0;0;0;0;0;1;2;F;5;4;3;2;1;6;Other;3;2;1;6;5;4;Samsung;5;3;6;4;2;1;DontKnow;V_7;V_7;V_7;V_7;V_4
342;0;0;1;1;1;1;0;1;1;1;1;0;0;0;1;0;0;1;1;1;1;0;0;1;1;1;1;1;0;0;0;0;1;F;2;3;4;5;1;6;Other;1;6;3;4;2;5;Samsung;1;5;4;6;3;2;Apple;V_6;V_6;V_6;V_6;V_6
343;1;1;1;0;0;1;1;1;1;1;0;1;0;1;1;0;1;0;0;0;0;1;1;0;0;0;0;1;0;1;1;0;1;M;4;3;5;2;1;6;Nikon;6;1;2;5;4;3;Samsung;6;5;4;3;1;2;Apple;V_4;V_7;V_7;V_4;V_4
344;0;0;0;1;0;1;0;1;1;1;0;0;1;0;0;1;1;1;0;1;0;1;0;0;0;1;1;0;0;0;1;1;2;F;6;5;3;2;4;1;DontKnow;6;1;3;5;2;4;DontKnow;6;5;1;2;3;4;Apple;V_2;V_99;V_1;V_1;V_1
345;0;0;1;0;0;1;0;0;0;0;0;0;0;0;1;0;0;0;0;1;0;0;0;0;1;0;0;0;0;1;0;0;2;M;6;5;2;1;4;3;Sony;4;1;3;5;6;2;Sony;5;6;1;4;2;3;Acer;V_1;V_7;V_7;V_1;V_7
346;0;0;1;1;0;0;1;1;0;0;1;0;0;0;0;1;1;1;0;1;0;1;0;1;0;0;0;1;0;0;0;1;2;F;6;5;3;2;1;4;Canon;4;3;1;6;5;2;Sony;5;4;6;3;2;1;HP;V_2;V_2;V_1;V_2;V_99
347;0;0;1;1;0;1;0;0;0;1;1;0;1;1;1;0;0;0;0;0;0;1;0;0;0;1;1;1;0;0;0;0;2;F;6;4;5;1;2;3;Sony;4;3;2;5;6;1;Sony;6;3;5;4;1;2;Toshiba;V_4;V_4;V_4;V_6;V_4
348;0;0;1;0;0;1;0;1;1;0;0;0;1;1;0;1;0;0;0;0;0;1;0;0;0;0;0;0;0;1;1;0;2;F;6;4;3;1;5;2;Nikon;3;1;4;6;5;2;Panasonic;6;4;1;3;2;5;Acer;V_7;V_7;V_7;V_7;V_7
349;1;1;1;0;1;1;0;0;0;0;1;0;1;0;1;0;1;0;0;0;1;0;1;1;0;0;0;1;0;0;0;1;0;F;6;5;4;3;1;2;Canon;3;4;1;5;6;2;Philips;6;5;3;4;2;1;Apple;V_99;V_7;V_99;V_99;V_99
350;0;0;0;1;1;0;0;0;1;1;1;0;1;1;1;0;0;0;0;1;0;1;0;1;0;1;0;0;0;0;1;0;2;M;6;2;4;3;5;1;Sony;6;2;4;5;1;3;Panasonic;1;3;6;4;2;5;DontKnow;V_7;V_7;V_99;V_2;V_2
351;1;1;1;0;0;1;0;0;1;1;1;1;1;0;1;1;0;0;0;0;1;0;0;1;0;0;0;1;1;1;0;1;1;M;3;4;1;2;6;5;Other;3;2;1;5;6;4;DontKnow;5;6;4;3;2;1;Dell;V_4;V_99;V_4;V_4;V_4
352;0;0;1;1;1;0;0;0;0;0;0;0;1;1;1;1;1;1;1;1;1;0;0;0;1;1;0;0;0;1;1;0;1;F;5;2;4;1;6;3;Canon;4;5;6;1;2;3;Philips;3;5;4;1;2;6;HP;V_1;V_1;V_1;V_1;V_1
353;1;1;0;1;1;1;0;1;1;1;1;1;1;1;1;1;1;1;0;1;0;1;1;0;0;0;0;0;0;1;1;1;1;F;6;5;4;2;3;1;Canon;5;3;2;4;6;1;DontKnow;6;5;3;4;2;1;DontKnow;V_1;V_1;V_1;V_1;V_1
354;0;1;1;0;1;1;0;1;1;1;1;1;1;1;1;1;1;0;1;0;0;0;0;0;0;0;0;0;0;1;1;0;1;F;6;5;2;1;4;3;DontKnow;5;2;3;6;4;1;DontKnow;5;6;2;3;4;1;Acer;V_4;V_4;V_4;V_99;V_99
355;0;0;1;1;1;0;0;0;0;1;0;1;0;0;1;1;1;1;0;0;0;0;0;0;1;0;1;1;0;0;1;0;2;F;6;4;2;5;1;3;DontKnow;4;3;5;2;1;6;DontKnow;4;6;3;2;5;1;DontKnow;V_6;V_6;V_6;V_6;V_6
356;1;0;1;0;0;1;0;1;1;1;1;1;0;1;0;1;1;1;0;1;0;0;0;1;1;1;1;1;1;1;1;1;2;M;5;6;4;2;3;1;DontKnow;2;1;5;6;4;3;Other;4;1;3;2;5;6;Apple;V_99;V_99;V_99;V_99;V_99
357;0;0;1;0;1;1;0;1;1;1;0;0;1;0;1;1;1;1;1;1;0;1;0;1;1;0;0;0;0;1;1;0;0;M;4;2;3;5;6;1;Sony;6;1;4;3;5;2;Sony;5;6;1;2;3;4;Sony;V_1;V_1;V_1;V_1;V_1
358;0;0;1;1;1;1;0;1;1;0;1;0;1;1;1;1;1;0;1;1;1;1;0;0;0;0;0;0;0;0;1;1;1;F;6;3;4;5;1;2;Sony;5;3;1;6;2;4;Philips;6;3;4;2;5;1;Apple;V_2;V_2;V_2;V_2;V_99
359;1;0;1;0;0;1;0;1;1;0;1;0;1;1;1;1;1;1;1;1;1;1;1;0;1;0;0;0;0;0;1;0;1;F;6;5;2;3;4;1;Sony;6;2;3;5;4;1;Panasonic;6;4;3;5;2;1;Apple;V_4;V_4;V_4;V_4;V_4
360;1;0;0;0;0;0;0;0;0;0;0;0;0;0;0;0;0;0;0;0;0;0;1;1;1;1;1;1;1;1;1;1;2;M;4;2;6;1;3;5;Nikon;5;3;2;4;6;1;Samsung;2;5;3;6;1;4;Apple;V_6;V_99;V_99;V_6;V_6
361;0;1;1;0;1;0;0;0;1;0;1;1;0;0;1;1;1;1;1;0;1;0;1;0;1;0;0;0;0;1;1;1;1;F;1;2;4;6;5;3;Nikon;1;6;3;2;4;5;Panasonic;6;5;1;4;3;2;Apple;V_4;V_1;V_4;V_2;V_7
362;0;0;1;0;0;0;0;0;0;1;0;0;1;1;1;1;1;0;1;0;1;1;0;1;1;1;1;0;0;0;0;0;1;M;5;3;2;1;6;4;Other;2;1;6;5;4;3;Sony;4;5;1;3;2;6;Apple;V_2;V_99;V_99;V_2;V_2
363;0;0;0;0;1;1;0;1;1;0;0;0;1;1;1;1;0;1;0;1;1;1;0;1;0;0;0;0;0;0;1;1;0;F;4;1;5;2;6;3;DontKnow;4;1;2;5;6;3;DontKnow;3;6;4;5;1;2;Acer;V_99;V_99;V_99;V_99;V_99
364;0;0;0;0;0;0;0;0;0;1;0;0;1;1;1;1;1;1;0;1;1;1;0;0;0;0;0;1;0;1;0;1;0;F;6;5;3;1;2;4;DontKnow;4;3;1;6;5;2;DontKnow;6;5;2;3;4;1;DontKnow;V_4;V_7;V_7;V_1;V_99
365;0;1;1;0;0;1;1;1;0;1;0;0;1;0;1;1;0;0;0;0;0;1;0;0;0;0;0;0;0;0;0;0;1;F;6;2;5;4;3;1;DontKnow;4;1;3;6;5;2;DontKnow;6;5;1;4;3;2;DontKnow;V_7;V_1;V_1;V_99;V_99
366;1;0;1;1;1;0;1;1;1;1;1;1;0;0;1;1;1;1;1;1;1;1;0;1;1;0;0;1;0;0;0;1;0;M;6;2;5;1;3;4;Canon;5;1;2;6;4;3;Sony;3;1;6;2;5;4;Apple;V_4;V_7;V_7;V_1;V_4
367;0;0;0;1;0;0;0;1;1;0;0;0;1;1;0;1;1;1;1;1;1;1;0;1;1;0;0;1;0;0;0;0;1;M;6;1;5;3;2;4;DontKnow;6;3;2;5;4;1;DontKnow;6;4;3;5;2;1;DontKnow;V_4;V_4;V_6;V_2;V_7
368;1;0;1;0;0;1;0;1;1;1;1;0;0;1;1;1;1;1;1;1;1;1;1;1;1;0;0;0;1;0;0;0;0;M;5;2;4;1;3;6;Canon;6;1;3;5;2;4;DontKnow;1;6;3;4;5;2;Apple;V_99;V_1;V_1;V_4;V_4
369;0;0;1;1;1;1;1;1;1;0;0;0;1;1;1;0;1;1;0;1;0;0;0;0;0;0;0;0;0;1;1;1;1;M;6;5;2;1;3;4;DontKnow;4;1;2;6;5;3;DontKnow;6;5;1;3;4;2;DontKnow;V_99;V_7;V_7;V_99;V_99
370;0;0;1;0;0;0;0;0;1;0;0;1;0;1;1;1;1;0;0;1;0;1;0;0;1;0;1;0;0;1;0;1;0;M;6;2;5;1;4;3;DontKnow;6;2;3;4;1;5;DontKnow;6;5;2;4;1;3;DontKnow;V_99;V_7;V_7;V_1;V_99
371;0;0;1;0;0;0;0;1;0;1;0;0;0;0;0;0;1;0;0;0;1;1;0;1;1;0;0;0;0;1;1;1;1;F;5;2;6;3;4;1;DontKnow;4;2;3;5;6;1;Sony;3;6;2;5;1;4;Dell;V_99;V_99;V_99;V_99;V_99
372;0;0;1;0;1;0;0;1;1;0;0;0;0;0;0;1;1;0;0;0;0;1;0;0;0;0;0;0;0;0;0;0;2;M;6;5;4;1;3;2;DontKnow;6;1;3;5;4;2;Philips;6;3;2;1;4;5;HP;V_99;V_99;V_99;V_99;V_99
373;0;0;1;0;0;0;0;0;1;0;1;0;1;1;1;1;1;0;0;0;1;1;1;0;0;0;0;0;1;1;1;0;0;F;2;5;3;1;4;6;Other;3;2;1;5;6;4;Samsung;6;5;3;4;2;1;Other;V_2;V_2;V_2;V_1;V_1
374;0;0;1;1;0;1;0;1;1;0;1;0;1;1;1;1;1;0;0;1;0;1;0;0;0;0;0;0;0;1;1;1;2;F;5;4;3;2;1;6;Sony;4;2;1;5;6;3;Sony;5;3;2;4;6;1;Apple;V_4;V_4;V_4;V_4;V_4
375;0;1;0;0;0;1;0;0;0;0;0;1;0;0;0;0;1;0;0;1;0;1;0;0;0;0;0;0;0;1;1;0;0;F;6;4;2;1;5;3;DontKnow;6;1;3;5;4;2;DontKnow;6;5;1;2;4;3;DontKnow;V_7;V_7;V_7;V_7;V_7
376;0;0;0;1;0;1;0;0;0;1;1;0;1;1;0;0;0;1;1;1;0;1;1;0;0;0;0;0;0;0;1;1;2;F;6;5;3;2;4;1;Sony;4;1;3;6;5;2;DontKnow;5;6;2;3;4;1;DontKnow;V_2;V_2;V_2;V_6;V_6
377;0;0;0;1;0;0;1;0;0;1;0;0;1;1;1;1;0;0;0;1;0;1;0;0;0;0;0;1;0;0;0;1;0;F;6;4;1;3;2;5;DontKnow;4;1;3;6;5;2;DontKnow;6;5;2;3;4;1;Other;V_2;V_99;V_4;V_2;V_7
378;1;0;0;1;1;1;0;0;1;1;1;0;1;0;0;0;0;0;0;1;1;0;0;0;0;0;0;0;0;1;1;1;2;F;2;1;4;6;5;3;Sony;6;1;2;5;4;3;Samsung;6;5;1;4;3;2;Sony;V_2;V_2;V_2;V_2;V_2
379;1;0;1;0;1;1;1;1;1;0;1;0;0;0;0;1;1;1;0;1;0;1;1;0;1;0;1;0;1;0;0;0;0;F;1;2;3;4;6;5;Canon;3;4;5;1;2;6;Philips;1;4;3;6;2;5;Apple;V_6;V_6;V_99;V_6;V_2
380;1;0;1;0;1;1;1;0;1;1;1;1;1;1;1;1;1;1;1;1;1;0;0;0;1;0;0;0;0;1;1;1;0;M;5;4;1;2;6;3;Other;3;1;4;6;5;2;Samsung;3;5;1;2;6;4;Apple;V_7;V_7;V_7;V_7;V_7
381;0;0;1;0;1;1;0;1;0;0;0;1;0;1;1;1;1;1;0;0;1;1;0;0;1;0;0;1;0;0;1;0;1;F;6;3;5;4;2;1;Sony;5;3;2;6;4;1;Sony;6;5;4;3;1;2;Acer;V_6;V_6;V_6;V_6;V_6
382;1;0;1;0;0;1;0;1;1;0;0;0;1;1;1;1;1;1;0;1;1;0;0;1;1;1;0;0;0;1;1;1;0;M;5;6;3;2;1;4;Sony;4;1;2;6;5;3;Sony;6;3;2;5;4;1;Dell;V_99;V_7;V_7;V_4;V_4
383;0;0;0;0;0;1;0;1;1;1;1;1;0;0;0;0;1;0;1;1;0;0;0;1;1;0;0;1;0;0;0;0;0;F;6;5;3;4;1;2;Other;3;1;2;6;5;4;Philips;5;6;1;2;4;3;Apple;V_99;V_99;V_99;V_99;V_99
384;0;1;1;0;1;1;0;1;1;1;1;1;1;0;1;1;1;1;1;1;1;1;0;1;1;0;0;0;1;0;0;0;1;F;6;5;2;1;4;3;Canon;6;1;5;3;4;2;Other;5;4;1;3;2;6;Apple;V_6;V_7;V_7;V_6;V_6
385;0;1;1;0;1;1;1;1;0;1;1;1;0;1;0;1;0;0;0;0;0;1;0;0;0;1;0;1;1;1;0;0;1;F;6;4;2;5;3;1;DontKnow;5;3;4;6;2;1;DontKnow;6;2;3;1;5;4;Dell;V_2;V_99;V_99;V_99;V_99
386;1;0;1;1;1;1;1;1;1;1;1;1;0;1;0;1;0;0;0;0;0;0;0;0;0;0;0;1;0;0;1;1;2;F;6;4;3;1;5;2;Canon;6;1;3;5;4;2;Sony;6;4;2;1;3;5;Dell;V_4;V_4;V_4;V_4;V_1
387;0;0;0;0;1;1;0;0;1;0;0;1;1;1;1;1;1;1;1;0;0;0;0;1;0;0;0;0;0;0;0;1;2;M;3;2;1;6;4;5;Other;3;6;2;1;5;4;Panasonic;1;2;6;5;4;3;Apple;V_7;V_7;V_7;V_1;V_1
388;0;1;0;1;1;1;0;1;1;0;1;0;1;1;1;1;1;1;1;1;1;0;0;0;0;0;0;0;0;1;1;1;1;F;6;3;5;1;4;2;Other;4;2;3;6;5;1;Samsung;6;3;2;5;1;4;Apple;V_99;V_7;V_7;V_1;V_1
389;0;0;1;0;1;1;0;0;1;0;0;1;1;0;1;0;1;0;1;1;0;1;1;1;1;0;0;1;0;1;1;1;1;F;6;4;2;5;3;1;Canon;5;2;3;6;4;1;Sony;6;5;2;1;4;3;Apple;V_4;V_7;V_7;V_4;V_7
390;1;1;1;1;1;1;0;1;1;0;1;0;1;1;1;1;1;1;1;1;1;0;0;1;0;0;0;0;0;0;1;1;0;F;6;5;2;1;4;3;Nikon;6;1;3;5;2;4;Philips;2;3;4;6;5;1;DontKnow;V_99;V_99;V_99;V_99;V_99
391;0;0;0;0;0;0;0;0;1;0;1;0;1;1;1;0;1;1;1;0;1;1;0;0;1;1;0;0;0;0;1;1;1;F;6;5;4;3;2;1;Nikon;6;3;2;4;5;1;Sony;6;5;1;2;3;4;HP;V_2;V_2;V_2;V_2;V_4
392;0;0;1;1;0;1;0;0;1;0;1;0;1;1;1;0;1;0;0;0;0;1;0;0;1;1;0;0;0;0;1;0;0;F;5;6;3;1;4;2;Other;6;4;1;3;5;2;DontKnow;6;5;3;2;4;1;DontKnow;V_4;V_4;V_2;V_2;V_2
393;0;0;1;1;1;1;0;0;0;0;1;0;0;1;0;1;0;1;0;1;1;1;0;0;1;1;1;0;0;1;1;0;1;F;2;1;4;5;3;6;DontKnow;1;6;3;2;4;5;DontKnow;4;3;2;1;5;6;DontKnow;V_1;V_7;V_1;V_1;V_1
394;1;0;1;1;1;1;0;1;1;0;1;0;1;0;1;1;1;1;1;1;0;0;0;1;1;1;1;1;0;1;0;1;0;F;1;5;3;6;2;4;Canon;5;2;3;6;4;1;Philips;5;6;1;3;2;4;Apple;V_2;V_7;V_7;V_2;V_2
395;1;0;1;1;1;0;0;0;1;1;1;1;1;1;1;1;1;1;1;0;1;1;1;0;0;1;0;0;1;0;0;0;0;M;6;4;5;2;1;3;Nikon;5;1;2;6;4;3;Philips;6;2;3;4;5;1;Acer;V_1;V_2;V_4;V_1;V_1
396;0;0;1;0;0;0;0;0;1;0;1;0;0;0;0;1;0;0;0;0;1;0;0;1;0;0;0;0;0;0;0;1;0;F;1;4;3;5;2;6;DontKnow;2;5;6;1;3;4;DontKnow;2;1;3;5;4;6;Other;V_2;V_4;V_2;V_4;V_99
397;0;0;1;0;0;1;0;1;1;0;1;0;1;0;1;0;1;0;0;0;1;1;0;0;1;1;1;1;0;1;1;0;1;F;6;5;2;1;4;3;DontKnow;5;3;2;6;4;1;DontKnow;6;4;2;5;3;1;DontKnow;V_1;V_6;V_6;V_6;V_6
398;0;0;1;1;1;1;0;1;1;1;1;0;1;1;1;1;1;1;1;1;1;1;0;1;1;0;0;0;0;0;0;1;2;F;6;4;2;3;5;1;DontKnow;5;1;3;6;4;2;DontKnow;2;4;1;6;5;3;DontKnow;V_4;V_99;V_99;V_4;V_6
399;0;0;1;1;1;1;0;1;1;1;1;1;0;1;0;1;0;1;0;1;0;1;0;1;1;1;1;1;0;0;1;1;0;F;6;5;2;3;4;1;Canon;4;2;5;6;3;1;Sony;5;3;4;2;1;6;Other;V_4;V_4;V_4;V_4;V_4
400;0;0;1;1;1;1;0;0;1;1;1;0;1;1;1;1;1;0;0;1;1;0;0;0;0;0;0;1;0;1;1;1;1;F;6;5;4;2;3;1;DontKnow;5;2;3;6;4;1;Philips;6;5;1;3;2;4;Other;V_4;V_4;V_4;V_1;V_1
401;1;0;1;0;1;0;0;0;1;1;1;1;1;1;1;1;1;0;1;1;0;0;0;0;0;0;0;0;0;1;1;1;1;F;6;5;4;2;1;3;DontKnow;6;1;2;5;4;3;DontKnow;6;4;1;5;3;2;Other;V_99;V_99;V_4;V_99;V_99
402;1;0;1;1;0;1;1;1;1;1;1;0;0;1;1;1;1;1;0;1;0;1;1;0;1;1;1;1;0;1;1;0;2;M;6;1;3;4;2;5;Canon;5;1;3;6;4;2;Panasonic;6;2;3;5;1;4;HP;V_99;V_6;V_2;V_6;V_6
403;1;1;1;1;1;1;1;1;0;1;0;0;1;1;1;0;0;1;1;1;1;1;0;1;1;0;0;1;1;1;1;1;0;F;6;4;5;2;3;1;Other;6;1;3;5;2;4;Sony;6;4;1;2;3;5;Apple;V_7;V_7;V_7;V_1;V_7
404;1;0;1;0;1;0;0;0;1;1;0;1;1;1;1;1;1;1;0;1;1;1;1;1;1;1;1;1;0;1;1;0;2;F;6;5;4;2;1;3;Other;6;1;2;4;3;5;Sony;6;2;4;1;5;3;Acer;V_2;V_6;V_6;V_6;V_6
405;1;0;1;0;0;1;1;1;1;0;1;1;0;0;0;0;0;1;1;1;0;1;0;1;1;1;0;1;0;0;0;1;0;F;4;2;6;1;3;5;Canon;4;2;3;6;5;1;DontKnow;3;6;2;5;1;4;Apple;V_99;V_99;V_6;V_99;V_99
406;0;0;1;0;0;0;0;0;1;0;0;0;0;0;1;0;1;0;0;1;0;0;0;0;0;0;0;0;0;0;0;0;0;M;6;5;4;2;1;3;DontKnow;5;2;1;6;4;3;DontKnow;6;4;3;2;5;1;DontKnow;V_2;V_2;V_99;V_99;V_99
407;0;0;0;0;0;1;1;0;1;0;0;1;1;1;1;1;1;0;0;0;0;0;0;0;0;0;0;0;0;1;1;1;0;F;6;3;1;2;4;5;Nikon;5;1;3;6;4;2;Philips;6;5;2;1;3;4;HP;V_1;V_1;V_1;V_99;V_99
408;1;0;1;1;0;0;0;0;1;1;1;1;1;1;1;1;1;1;1;1;1;1;1;0;0;0;0;0;0;0;0;1;0;F;5;2;3;1;6;4;Canon;6;2;5;4;3;1;Panasonic;6;5;1;2;3;4;HP;V_2;V_4;V_4;V_99;V_99
409;0;1;0;0;1;0;1;0;0;1;1;1;0;0;0;1;0;0;1;0;0;1;0;0;0;0;0;0;0;0;1;1;2;F;6;1;2;4;5;3;Sony;1;3;4;6;5;2;DontKnow;6;1;4;3;2;5;DontKnow;V_99;V_99;V_4;V_4;V_4
410;0;1;0;0;0;1;0;1;1;0;1;0;1;1;1;1;1;1;0;1;1;1;0;0;1;0;0;1;0;0;1;0;0;F;6;5;1;2;4;3;Sony;4;1;3;2;6;5;Philips;5;3;1;6;4;2;HP;V_4;V_7;V_7;V_4;V_99
411;0;0;0;0;1;1;0;1;0;1;1;1;0;0;0;0;0;0;0;0;0;0;0;0;0;0;0;0;0;0;0;1;2;F;3;1;5;2;6;4;Nikon;3;5;4;2;1;6;Panasonic;2;1;3;6;5;4;Acer;V_7;V_1;V_1;V_1;V_1
412;1;0;0;1;1;1;0;1;0;1;1;0;1;1;1;0;1;0;0;0;0;1;0;0;1;0;0;0;0;1;1;1;1;F;1;5;3;2;4;6;Canon;4;6;3;1;2;5;Philips;2;1;5;6;3;4;Dell;V_99;V_99;V_99;V_1;V_1
413;0;0;1;0;1;1;0;1;1;1;1;0;1;1;1;1;1;1;1;1;1;1;0;1;1;0;1;0;0;1;0;0;1;F;6;3;5;4;2;1;Sony;4;2;3;6;5;1;Panasonic;6;5;2;1;4;3;Acer;V_2;V_2;V_2;V_2;V_4
414;0;1;1;0;1;1;0;1;0;1;0;1;1;1;1;1;1;1;1;1;0;1;0;0;0;1;1;0;0;1;0;1;2;F;6;4;3;5;2;1;Sony;5;2;1;4;6;3;DontKnow;6;4;3;5;2;1;Dell;V_99;V_99;V_99;V_6;V_99
415;1;0;1;0;1;0;0;1;0;1;1;0;0;1;0;1;0;0;0;0;0;0;0;0;0;0;0;1;0;1;1;1;2;F;4;6;5;3;2;1;Canon;3;1;4;5;6;2;Philips;2;5;3;6;1;4;HP;V_7;V_99;V_2;V_99;V_99
416;0;1;1;0;1;1;1;0;1;1;1;0;1;1;1;1;1;1;0;1;1;1;0;1;1;0;0;1;0;0;0;0;2;F;5;3;2;1;4;6;Other;3;1;4;6;5;2;DontKnow;2;1;4;3;5;6;Apple;V_2;V_7;V_7;V_2;V_7
417;1;0;1;1;0;1;1;1;1;1;1;1;1;1;1;1;1;1;1;1;0;1;1;0;1;1;1;1;1;0;1;0;1;M;6;4;5;3;1;2;Canon;6;1;4;5;3;2;Sony;6;5;4;2;3;1;Apple;V_7;V_1;V_1;V_2;V_7
418;0;0;0;0;0;0;0;0;1;0;0;0;0;0;1;0;0;0;0;0;0;0;0;0;1;0;1;0;0;1;0;0;0;M;3;4;5;2;6;1;DontKnow;3;1;2;5;6;4;Samsung;4;5;1;6;3;2;HP;V_7;V_7;V_7;V_7;V_7
419;0;1;0;0;1;0;0;1;1;1;0;0;1;0;1;0;0;0;0;0;0;1;0;1;1;1;1;1;0;1;1;1;1;F;6;5;4;2;3;1;Other;5;1;3;6;4;2;Samsung;6;1;5;2;4;3;Apple;V_4;V_2;V_2;V_2;V_4
420;0;0;1;0;1;0;0;1;1;1;1;0;1;1;1;1;1;1;0;1;1;1;1;0;1;0;0;0;0;1;1;0;2;M;5;4;2;3;6;1;Nikon;4;1;6;3;5;2;Philips;5;4;2;1;3;6;Apple;V_2;V_7;V_7;V_1;V_1
421;0;1;0;1;1;1;0;0;0;0;1;0;0;0;0;0;1;0;0;0;0;0;0;1;1;1;1;0;0;1;1;1;2;F;1;5;2;3;6;4;Sony;5;3;6;1;2;4;Philips;3;1;6;2;5;4;Dell;V_2;V_1;V_6;V_1;V_4
422;0;0;1;0;0;1;0;1;1;0;1;1;1;1;1;1;1;1;1;1;0;1;0;0;1;1;1;0;0;1;1;1;0;M;6;4;5;2;3;1;Canon;4;1;3;5;6;2;Panasonic;6;4;5;2;1;3;HP;V_4;V_4;V_4;V_1;V_4
423;1;0;1;1;1;0;1;1;1;1;1;0;1;0;1;1;1;1;1;1;0;0;0;0;1;1;0;1;0;1;1;0;0;M;6;5;2;3;4;1;Sony;4;1;2;5;6;3;Sony;4;6;2;5;3;1;Apple;V_1;V_1;V_1;V_99;V_99
424;0;1;1;1;1;1;1;1;1;1;1;1;1;1;1;0;1;0;0;1;0;0;0;1;1;0;0;1;0;0;1;1;1;F;6;2;4;5;3;1;Nikon;4;2;1;5;6;3;Panasonic;6;4;1;5;3;2;Acer;V_4;V_7;V_7;V_2;V_2
425;0;0;1;1;0;1;1;1;1;1;1;0;1;0;0;1;1;1;1;1;1;0;0;0;1;0;0;1;0;0;0;0;0;F;5;6;4;2;1;3;Sony;4;3;1;5;6;2;Sony;2;4;6;3;5;1;Apple;V_6;V_2;V_99;V_1;V_2
426;0;0;0;0;1;1;0;0;0;0;0;0;1;1;0;0;1;0;0;0;0;0;0;0;1;1;0;0;0;1;1;0;1;F;6;5;3;4;2;1;DontKnow;5;4;1;2;6;3;Other;6;5;2;3;4;1;DontKnow;V_99;V_1;V_1;V_99;V_1
427;0;1;1;0;1;1;0;0;1;1;1;0;1;0;1;1;1;0;1;1;0;1;1;0;1;0;0;0;0;1;0;0;1;F;4;2;6;5;1;3;Canon;4;3;1;5;6;2;Samsung;4;5;6;1;2;3;HP;V_2;V_2;V_2;V_2;V_2
428;1;0;1;0;1;1;1;1;1;1;1;1;0;1;1;0;1;1;1;0;0;1;0;0;0;0;0;1;1;1;1;1;1;M;6;1;3;2;4;5;Other;4;1;3;6;5;2;Philips;4;6;2;5;1;3;Apple;V_99;V_99;V_99;V_7;V_7
429;0;0;0;0;0;1;0;0;1;0;1;1;0;1;1;1;1;1;0;0;0;1;0;1;1;1;0;0;1;0;0;1;2;F;6;4;2;3;1;5;Canon;4;2;1;5;6;3;Other;6;4;5;2;3;1;HP;V_2;V_6;V_1;V_2;V_7
430;0;0;1;0;0;0;0;1;1;0;0;0;1;1;1;0;1;0;1;1;1;0;0;0;1;1;0;1;0;0;1;1;1;M;6;5;4;3;1;2;DontKnow;5;1;3;6;4;2;DontKnow;6;5;2;4;1;3;DontKnow;V_99;V_99;V_99;V_99;V_99
431;0;0;0;0;0;0;0;0;0;0;0;1;1;0;1;1;1;0;0;1;0;0;1;0;1;0;0;1;0;0;0;1;0;F;4;1;5;3;2;6;Sony;2;3;1;6;5;4;Philips;4;5;2;3;6;1;HP;V_1;V_1;V_1;V_1;V_1
432;0;1;0;1;1;1;0;0;1;1;1;0;0;0;0;1;1;0;0;0;0;0;0;0;0;0;0;0;0;1;0;1;1;M;3;2;6;5;1;4;DontKnow;6;4;1;5;3;2;DontKnow;6;2;4;3;5;1;DontKnow;V_2;V_99;V_99;V_99;V_2
433;0;0;1;0;1;1;0;1;0;1;0;1;1;0;1;1;0;0;1;1;1;0;0;0;0;0;0;0;0;1;1;0;1;F;6;2;3;4;1;5;Canon;2;1;3;6;5;4;Sony;6;4;3;1;5;2;Acer;V_4;V_4;V_4;V_99;V_99
434;0;0;1;0;1;1;0;1;0;1;1;1;1;0;0;1;0;0;0;0;0;0;0;0;1;0;0;0;0;1;1;1;1;F;6;5;4;2;3;1;Other;4;1;3;5;6;2;Panasonic;6;4;3;5;2;1;HP;V_2;V_2;V_2;V_99;V_99
435;0;0;1;0;0;0;0;0;1;0;0;1;0;0;1;1;1;0;0;1;0;1;0;1;1;1;1;1;1;0;1;1;1;M;4;2;5;3;1;6;Canon;5;1;2;6;3;4;Samsung;6;5;3;1;4;2;HP;V_1;V_99;V_4;V_99;V_99
436;1;0;1;1;1;1;1;1;1;1;1;1;0;0;0;1;1;1;0;1;0;0;0;0;1;1;1;1;0;1;1;1;0;F;5;2;4;1;3;6;Canon;4;1;3;5;6;2;DontKnow;5;4;3;2;1;6;Apple;V_99;V_99;V_7;V_99;V_99
437;0;0;1;1;0;1;0;1;1;0;1;1;1;0;0;1;1;0;0;1;1;1;0;0;1;0;0;0;0;0;0;0;2;F;3;5;6;1;2;4;Sony;4;3;1;5;6;2;Philips;4;6;2;5;3;1;HP;V_6;V_6;V_6;V_4;V_6
438;0;1;1;0;0;1;0;1;1;1;1;0;1;1;1;1;1;1;1;1;0;1;0;0;0;1;0;1;0;1;1;1;1;F;6;3;1;2;5;4;DontKnow;6;1;3;5;4;2;DontKnow;6;5;1;3;2;4;Other;V_4;V_4;V_4;V_2;V_4
439;1;1;1;0;1;1;0;1;1;1;1;1;1;1;1;1;1;1;1;0;1;1;0;1;1;1;0;1;1;1;1;1;1;M;5;6;2;1;3;4;Nikon;6;2;3;5;4;1;DontKnow;6;5;4;2;1;3;Apple;V_4;V_1;V_99;V_99;V_1
440;0;1;1;1;0;1;0;1;0;1;1;0;0;0;1;1;1;0;1;0;1;0;0;1;0;0;0;1;1;0;1;1;0;F;4;6;5;1;3;2;Canon;4;1;3;6;5;2;Philips;6;1;5;2;4;3;Other;V_2;V_7;V_7;V_2;V_2
441;0;1;1;0;0;1;0;1;1;1;1;1;1;1;0;0;0;0;0;0;0;1;0;1;0;0;0;1;0;1;1;1;0;F;6;3;2;5;1;4;DontKnow;6;1;2;4;5;3;Sony;6;4;1;3;5;2;DontKnow;V_99;V_99;V_99;V_99;V_99
442;0;1;1;0;1;1;0;1;1;0;0;0;1;1;0;1;0;0;0;0;0;0;0;0;0;0;0;0;0;1;1;1;1;F;6;5;3;2;4;1;DontKnow;6;2;3;5;4;1;DontKnow;6;5;1;2;4;3;DontKnow;V_99;V_99;V_99;V_99;V_99
443;0;1;1;0;0;0;0;0;0;0;0;1;1;1;0;1;1;0;1;1;1;1;1;1;0;0;0;0;0;0;1;1;2;M;6;5;4;3;1;2;Sony;5;2;1;6;4;3;Sony;6;4;5;2;3;1;Apple;V_4;V_1;V_1;V_4;V_4
444;0;1;0;0;1;1;0;1;1;0;0;0;1;1;1;1;1;1;1;1;1;1;1;0;1;0;1;1;0;1;0;1;1;F;1;2;3;6;4;5;Canon;3;6;5;1;2;4;Samsung;2;1;5;6;4;3;Sony;V_6;V_6;V_6;V_99;V_99
445;0;1;1;0;1;0;0;1;1;0;1;0;1;1;1;1;1;0;0;1;0;0;1;0;1;0;0;0;0;1;1;0;0;M;6;2;3;1;4;5;Sony;3;1;4;5;6;2;Sony;4;6;1;2;3;5;Sony;V_4;V_4;V_4;V_4;V_4
446;0;1;1;0;1;1;1;1;0;1;1;1;1;1;1;0;1;0;0;1;1;0;0;0;0;0;0;0;0;1;1;0;0;F;6;3;5;2;4;1;DontKnow;5;1;4;6;2;3;DontKnow;6;5;1;2;4;3;DontKnow;V_1;V_7;V_7;V_7;V_1
447;0;0;1;1;0;0;0;1;0;0;1;1;0;0;1;1;0;1;1;1;0;1;0;0;1;1;1;1;0;1;0;0;1;F;2;5;4;6;1;3;Sony;3;1;2;6;5;4;Sony;1;4;6;3;5;2;Sony;V_4;V_1;V_1;V_1;V_1
448;0;0;0;0;1;1;0;0;0;0;1;1;0;0;0;0;0;0;0;0;0;0;0;0;0;0;0;0;0;0;1;1;2;F;6;3;4;5;2;1;Other;4;1;2;5;6;3;Sony;6;1;5;4;2;3;HP;V_2;V_99;V_99;V_99;V_99
449;1;1;1;0;1;0;0;1;1;0;0;0;1;1;1;1;1;1;1;1;0;1;1;0;1;1;1;1;0;1;0;1;1;M;6;5;2;1;4;3;Canon;3;1;2;6;5;4;Samsung;6;3;1;2;4;5;HP;V_2;V_2;V_99;V_6;V_7
450;0;0;1;0;1;1;0;1;1;0;0;1;1;1;1;1;1;1;1;1;1;0;0;0;1;0;0;0;0;1;1;1;1;F;6;3;4;1;2;5;Canon;3;2;4;6;5;1;Sony;4;5;2;6;1;3;Apple;V_1;V_1;V_1;V_1;V_1
451;1;0;1;0;1;1;0;0;1;0;1;0;0;0;1;1;1;1;1;1;0;1;0;1;0;1;1;1;0;0;0;1;2;F;6;4;1;3;2;5;Nikon;4;1;3;5;6;2;Panasonic;1;6;4;3;5;2;Apple;V_4;V_1;V_1;V_99;V_99
452;1;1;0;0;0;1;0;1;1;1;0;0;0;0;0;1;0;0;0;0;0;0;0;0;0;1;0;1;1;0;1;1;0;F;5;1;6;4;2;3;Other;4;5;1;6;3;2;Philips;5;2;4;3;6;1;Acer;V_1;V_1;V_1;V_99;V_1
453;0;0;1;1;0;0;0;1;1;1;1;0;1;1;0;1;1;1;0;1;0;1;1;1;0;0;0;0;0;1;0;1;0;F;6;5;4;3;2;1;DontKnow;6;2;1;4;5;3;DontKnow;6;3;2;4;5;1;DontKnow;V_2;V_99;V_99;V_2;V_2
454;0;1;1;0;1;1;0;1;0;1;1;1;1;1;1;1;1;1;1;1;1;0;0;1;0;0;1;0;0;0;1;0;1;F;6;5;4;2;1;3;Canon;6;2;1;5;4;3;Samsung;6;5;2;4;3;1;HP;V_4;V_4;V_4;V_4;V_4
455;0;0;1;0;1;1;0;1;0;0;1;0;1;1;1;1;1;0;1;1;1;0;0;1;0;0;0;0;1;0;1;1;0;F;6;5;4;2;1;3;Other;6;1;4;3;2;5;Panasonic;6;5;1;4;2;3;Acer;V_7;V_1;V_2;V_7;V_7
456;0;0;1;0;1;1;0;1;0;1;1;1;0;0;0;0;0;0;1;0;0;0;0;1;1;0;0;1;0;0;0;0;0;F;6;2;5;3;1;4;DontKnow;3;1;6;5;2;4;DontKnow;6;1;3;5;4;2;DontKnow;V_6;V_6;V_6;V_6;V_6
457;0;0;1;1;1;1;1;1;1;0;1;1;1;1;1;1;1;0;0;1;1;0;0;0;0;0;0;0;0;0;1;0;1;M;1;2;3;5;4;6;DontKnow;3;5;4;1;6;2;DontKnow;3;1;6;4;5;2;DontKnow;V_1;V_1;V_1;V_1;V_1
458;0;0;1;0;1;1;1;1;1;0;1;1;0;0;1;1;1;1;1;1;1;0;0;0;1;1;1;1;0;1;0;0;0;M;3;5;6;1;2;4;Sony;6;2;4;1;3;5;Sony;5;6;1;2;4;3;HP;V_1;V_6;V_6;V_1;V_1
459;1;0;1;1;0;0;0;1;0;1;1;1;1;0;1;1;0;1;0;1;1;1;1;0;1;0;1;0;0;1;0;0;2;F;5;4;6;1;2;3;Nikon;4;2;3;5;6;1;Philips;1;6;5;2;3;4;Apple;V_2;V_4;V_4;V_2;V_1
460;0;0;1;0;0;1;1;0;1;1;1;1;1;1;1;0;1;1;1;1;1;1;1;1;0;0;0;0;1;0;0;1;1;F;6;3;1;5;4;2;Canon;2;1;5;6;4;3;Other;3;5;2;1;4;6;DontKnow;V_7;V_7;V_1;V_1;V_1
461;0;0;1;0;1;0;0;1;0;0;1;1;1;1;1;1;1;0;0;0;0;1;0;0;0;0;0;0;0;1;1;0;1;F;6;4;5;3;1;2;Sony;4;2;3;5;6;1;Samsung;6;5;1;2;4;3;HP;V_7;V_7;V_2;V_1;V_4
462;0;0;1;1;0;0;0;1;0;1;0;1;0;0;1;0;1;1;0;0;0;1;0;0;1;1;1;1;0;0;0;0;2;F;6;3;5;4;1;2;Canon;4;2;1;5;6;3;DontKnow;6;5;4;3;2;1;DontKnow;V_6;V_6;V_6;V_6;V_6
463;1;0;1;0;1;1;0;1;1;0;1;1;1;1;1;1;1;1;1;1;1;0;0;0;0;1;1;0;0;0;1;0;1;M;6;5;4;1;2;3;Nikon;4;1;3;6;5;2;Sony;5;6;1;4;2;3;HP;V_1;V_4;V_1;V_1;V_1
464;1;0;1;1;1;0;1;1;1;1;0;0;1;1;1;1;1;0;0;1;1;1;0;0;1;0;0;1;0;1;1;1;1;F;2;6;4;3;5;1;Other;5;1;4;6;3;2;Sony;4;6;1;5;2;3;HP;V_2;V_1;V_1;V_2;V_2
465;0;0;1;0;1;0;0;0;1;1;1;0;1;0;1;1;1;0;1;0;0;0;0;1;0;0;0;0;0;1;1;1;1;M;6;4;2;3;1;5;DontKnow;5;3;1;6;2;4;DontKnow;5;4;1;6;3;2;DontKnow;V_4;V_4;V_4;V_4;V_4
466;0;0;1;1;1;1;0;1;0;1;1;0;1;1;1;1;0;0;1;0;0;1;0;0;0;1;0;0;1;0;1;0;2;F;1;3;4;6;5;2;DontKnow;3;6;4;1;2;5;DontKnow;3;4;1;6;2;5;DontKnow;V_4;V_4;V_4;V_4;V_7
467;1;1;1;0;1;0;0;1;1;0;0;0;1;1;1;1;1;0;0;1;0;1;0;1;1;1;1;1;0;1;1;0;0;M;6;3;5;1;2;4;DontKnow;6;2;3;5;4;1;DontKnow;6;5;3;4;1;2;DontKnow;V_99;V_99;V_99;V_99;V_99
468;0;0;1;0;0;1;0;1;1;0;0;1;1;1;1;1;1;1;1;1;1;0;0;0;1;0;0;1;1;1;1;0;0;M;6;5;4;3;2;1;Canon;6;1;2;5;3;4;Samsung;6;5;1;3;4;2;HP;V_4;V_4;V_4;V_4;V_4
469;1;0;0;1;1;0;0;1;0;0;1;0;1;1;0;0;1;1;1;0;0;0;0;1;1;0;0;0;1;1;0;0;1;F;6;5;4;1;3;2;Other;4;1;2;6;5;3;Sony;4;6;1;5;3;2;Apple;V_99;V_99;V_99;V_99;V_99
470;1;0;1;0;1;1;0;0;0;1;0;0;0;0;1;1;1;0;0;1;0;1;1;1;1;1;1;1;1;1;1;1;1;F;5;6;1;2;3;4;DontKnow;3;6;2;1;5;4;DontKnow;4;6;1;3;5;2;DontKnow;V_1;V_1;V_1;V_2;V_1
471;0;1;0;0;0;0;0;0;0;0;0;1;0;0;0;1;0;0;0;0;0;0;1;0;0;0;0;0;1;1;1;0;1;F;6;3;2;4;5;1;Canon;3;1;2;6;5;4;DontKnow;6;5;1;2;4;3;DontKnow;V_4;V_2;V_1;V_1;V_1
472;1;0;0;0;1;1;0;0;1;0;0;0;1;1;1;1;1;0;0;0;0;1;0;0;1;0;0;0;0;1;1;0;2;F;4;3;2;1;6;5;Canon;3;1;4;6;5;2;Other;5;1;3;4;2;6;Acer;V_1;V_7;V_2;V_1;V_7
473;0;1;0;0;0;0;0;0;0;0;0;1;0;0;1;0;0;0;0;0;0;0;0;1;0;0;0;1;0;1;1;0;1;M;6;5;3;1;2;4;Canon;6;1;2;5;4;3;DontKnow;6;1;4;3;5;2;DontKnow;V_99;V_99;V_99;V_99;V_99
474;0;1;0;0;1;0;0;1;1;1;1;0;1;0;1;1;1;0;1;0;1;0;0;0;1;0;0;0;0;1;1;1;0;F;6;4;5;3;1;2;DontKnow;6;3;1;4;5;2;Samsung;5;6;3;4;2;1;Toshiba;V_1;V_4;V_4;V_1;V_1
475;0;1;1;0;0;1;0;1;1;1;1;1;0;1;1;1;1;0;0;0;0;0;0;0;0;1;0;0;0;1;1;1;1;F;6;5;3;4;2;1;Canon;5;3;4;6;1;2;Samsung;6;5;2;4;1;3;Other;V_1;V_1;V_1;V_1;V_1
476;0;1;0;0;1;1;0;1;0;0;0;1;1;1;0;0;0;0;0;0;0;0;0;0;0;0;0;1;0;0;1;0;2;F;6;3;5;2;1;4;DontKnow;4;3;2;6;5;1;Sony;6;1;4;3;5;2;Apple;V_7;V_99;V_99;V_1;V_7
477;0;0;1;0;0;0;0;1;1;0;1;1;1;0;0;1;1;0;1;1;0;1;0;0;1;1;0;1;1;0;0;0;0;F;3;4;2;6;1;5;Other;4;1;2;6;5;3;Other;5;4;6;2;3;1;HP;V_99;V_99;V_99;V_99;V_99
478;0;0;1;0;1;1;0;1;1;0;0;0;0;1;0;1;1;1;0;1;1;0;0;0;0;1;0;1;0;1;1;1;0;M;6;4;3;1;2;5;DontKnow;4;1;3;5;6;2;DontKnow;6;4;1;5;3;2;Other;V_99;V_99;V_99;V_99;V_99
479;0;0;1;0;0;1;0;0;0;1;1;0;0;1;1;1;0;0;0;0;1;0;0;0;1;1;0;0;0;1;1;1;2;F;6;3;5;4;2;1;Canon;4;1;2;5;6;3;Philips;4;6;1;2;5;3;DontKnow;V_4;V_7;V_7;V_99;V_99
480;0;0;1;1;1;1;1;1;1;1;1;1;0;0;0;1;1;1;1;1;0;1;0;0;1;0;0;1;0;0;1;1;2;F;6;5;3;4;2;1;Canon;5;2;3;6;1;4;DontKnow;6;4;1;5;3;2;Apple;V_99;V_99;V_1;V_6;V_99
481;0;0;0;0;0;1;0;1;0;1;1;0;0;0;1;1;1;0;0;0;0;0;0;0;1;1;0;0;0;0;0;1;0;F;6;2;4;3;5;1;DontKnow;6;2;3;5;4;1;DontKnow;6;1;3;5;2;4;DontKnow;V_7;V_7;V_7;V_1;V_1
482;1;0;1;1;1;1;1;1;1;1;0;1;1;1;1;0;0;0;0;0;1;1;1;1;1;1;1;1;0;0;0;0;0;F;6;4;3;1;2;5;Canon;4;2;1;6;5;3;Samsung;6;5;2;3;4;1;Apple;V_6;V_6;V_6;V_6;V_6
483;0;0;1;0;1;1;0;1;1;0;1;1;0;1;1;1;1;0;0;0;1;0;0;0;1;1;0;0;0;1;1;1;2;F;4;2;5;3;6;1;DontKnow;3;2;4;6;5;1;DontKnow;5;6;1;2;3;4;DontKnow;V_4;V_4;V_4;V_4;V_4
484;0;0;0;0;1;1;1;0;0;1;1;0;1;0;1;0;0;0;0;0;0;0;0;0;0;0;0;0;0;0;1;1;0;F;4;6;5;3;2;1;DontKnow;5;3;2;6;4;1;Sony;6;2;5;3;4;1;Apple;V_1;V_1;V_1;V_1;V_1
485;0;0;0;0;0;0;0;0;0;0;0;0;0;0;0;0;0;0;0;0;0;0;0;0;0;0;0;0;0;0;0;0;1;F;6;3;5;2;4;1;Nikon;6;1;2;5;4;3;DontKnow;6;4;1;2;3;5;DontKnow;V_99;V_7;V_99;V_99;V_99
486;0;0;0;0;1;0;0;0;0;0;1;0;0;0;1;1;1;0;1;0;0;0;0;0;0;1;0;0;0;1;0;0;1;F;2;5;4;3;6;1;Other;5;4;2;6;1;3;Sony;4;2;5;1;6;3;HP;V_2;V_2;V_4;V_99;V_99
487;0;1;1;0;0;1;1;1;1;1;1;0;0;0;1;1;0;0;1;0;0;0;0;0;1;1;0;0;0;0;0;0;0;F;5;4;3;2;1;6;Other;3;1;2;5;6;4;DontKnow;6;5;2;4;3;1;DontKnow;V_99;V_99;V_99;V_99;V_99
488;0;1;0;0;1;1;0;1;1;0;1;1;1;1;1;1;0;0;1;1;1;0;0;0;0;0;0;1;1;1;1;1;0;F;4;6;3;2;5;1;Sony;4;2;1;6;3;5;Sony;5;6;3;2;4;1;DontKnow;V_2;V_2;V_99;V_99;V_99
489;0;0;1;0;0;0;1;0;0;1;1;1;0;0;0;1;0;1;0;0;0;1;0;0;0;0;0;0;0;1;1;1;2;F;5;4;6;1;3;2;Other;4;1;3;6;5;2;Sony;5;1;2;4;3;6;Apple;V_4;V_7;V_7;V_1;V_7
490;0;0;1;0;1;1;0;1;1;0;1;0;1;0;1;0;1;0;0;0;0;0;0;0;0;0;0;0;0;1;1;1;1;F;4;3;6;5;2;1;DontKnow;4;2;1;5;6;3;DontKnow;6;4;3;5;2;1;HP;V_2;V_99;V_99;V_99;V_99
491;0;0;1;0;0;1;0;1;0;0;0;0;0;0;1;0;1;0;0;1;0;0;0;0;0;0;0;0;0;0;0;1;0;F;3;6;2;1;5;4;Nikon;2;1;3;5;6;4;DontKnow;5;6;1;2;4;3;Apple;V_4;V_1;V_1;V_4;V_4
492;0;1;1;0;1;1;1;1;0;1;1;0;1;1;1;1;1;0;1;1;0;0;0;0;0;0;0;1;1;1;1;1;2;F;5;3;4;1;6;2;Nikon;2;1;4;6;5;3;Sony;4;3;1;2;5;6;Sony;V_1;V_1;V_1;V_1;V_1
493;0;0;0;0;1;1;0;1;1;1;0;1;1;1;1;1;1;1;1;1;0;1;1;0;0;0;0;0;0;1;0;0;0;M;6;4;3;5;2;1;Nikon;6;1;2;4;5;3;Sony;6;2;4;3;5;1;Apple;V_1;V_1;V_1;V_7;V_7
494;1;0;1;0;1;1;0;0;1;1;0;0;1;1;1;1;1;1;0;1;1;1;1;1;1;1;1;1;0;1;1;0;0;M;6;5;2;3;1;4;Sony;5;3;4;6;1;2;Samsung;5;6;4;3;2;1;Other;V_2;V_99;V_6;V_4;V_99
495;0;1;1;0;1;1;0;1;0;1;1;0;1;0;0;1;1;1;0;1;0;1;0;1;1;1;1;0;0;0;1;1;2;F;5;6;4;1;2;3;Nikon;4;2;1;6;5;3;DontKnow;6;5;1;3;4;2;Apple;V_99;V_99;V_6;V_4;V_7
496;0;1;1;0;1;1;1;1;1;1;0;1;1;1;1;1;1;1;1;1;1;0;0;1;0;0;0;1;0;0;0;0;1;F;5;2;4;3;1;6;Canon;5;3;1;6;4;2;Sony;6;4;2;3;5;1;Acer;V_99;V_99;V_99;V_99;V_99
497;0;1;1;0;0;1;0;1;0;1;1;0;1;1;0;1;1;1;0;1;0;1;0;0;0;1;1;0;0;0;0;0;0;M;5;6;4;2;1;3;Other;6;2;1;4;5;3;Philips;5;6;2;4;3;1;DontKnow;V_2;V_2;V_2;V_2;V_2
498;0;0;1;0;1;1;0;1;0;1;1;1;0;1;0;1;0;0;0;0;0;0;1;0;1;0;0;0;0;1;0;1;1;F;6;5;4;3;1;2;Nikon;5;1;2;6;4;3;Sony;6;5;3;1;4;2;Toshiba;V_2;V_99;V_99;V_99;V_1
499;0;0;0;0;1;0;1;1;0;1;1;0;1;0;1;1;0;0;0;0;0;0;1;1;1;1;1;1;0;1;1;0;1;F;6;4;5;1;2;3;Other;6;5;4;1;2;3;Samsung;6;2;5;3;4;1;Acer;V_7;V_99;V_4;V_7;V_7
500;1;1;1;1;1;1;0;1;0;1;1;1;1;1;1;1;1;1;1;1;1;1;0;0;1;1;1;1;1;1;1;0;1;F;6;2;1;5;3;4;DontKnow;5;1;2;6;3;4;DontKnow;6;5;1;2;4;3;DontKnow;V_4;V_4;V_4;V_4;V_4
501;0;0;0;0;0;0;0;1;0;1;1;0;1;1;1;1;1;1;1;1;1;1;1;0;1;0;0;0;1;0;0;1;0;F;6;1;4;3;5;2;Canon;3;1;4;6;5;2;Sony;6;4;2;1;3;5;Apple;V_7;V_1;V_1;V_1;V_7
502;0;0;1;0;0;0;0;1;0;0;0;0;0;0;0;1;0;0;0;0;0;0;0;1;1;0;0;1;0;0;0;0;1;F;3;4;6;5;1;2;DontKnow;3;2;1;6;5;4;Sony;4;6;2;5;3;1;Toshiba;V_99;V_7;V_7;V_99;V_99
503;0;0;1;1;1;1;0;0;0;1;1;1;1;1;0;1;1;1;1;1;0;1;0;0;0;0;0;1;0;1;1;1;2;F;6;4;2;1;3;5;Nikon;4;1;3;6;5;2;Philips;6;5;4;1;2;3;Apple;V_4;V_7;V_7;V_4;V_4
504;0;0;1;0;0;0;0;0;1;1;0;0;0;0;0;1;0;0;0;0;1;1;0;0;0;0;1;0;0;0;0;1;1;F;6;1;4;5;2;3;Sony;4;2;1;6;5;3;Other;6;3;2;4;5;1;Acer;V_2;V_2;V_2;V_2;V_2
505;1;0;1;0;0;1;0;1;1;0;0;0;1;1;1;1;1;1;0;1;1;1;1;1;1;1;1;1;0;0;0;1;1;F;4;2;3;6;5;1;Canon;6;1;3;5;4;2;DontKnow;4;6;5;1;3;2;Apple;V_99;V_99;V_99;V_99;V_99
506;0;0;0;0;1;1;0;1;0;1;1;1;0;1;0;0;0;0;0;0;0;1;0;0;1;0;0;1;0;1;1;0;0;F;6;3;4;1;2;5;Nikon;4;1;3;6;5;2;Panasonic;6;5;2;3;1;4;Toshiba;V_4;V_4;V_4;V_4;V_4
507;0;0;0;1;0;1;0;0;0;1;0;1;1;0;0;0;0;0;0;0;1;1;0;1;0;0;0;0;1;1;1;1;2;M;6;4;2;5;3;1;Sony;5;2;3;1;6;4;Sony;3;1;6;5;2;4;Acer;V_99;V_99;V_99;V_99;V_99
508;0;1;1;1;0;1;1;1;0;1;1;1;0;0;0;0;0;1;0;0;0;0;0;0;1;1;1;1;0;1;1;1;0;F;1;3;2;5;4;6;DontKnow;3;5;6;2;1;4;DontKnow;1;5;4;2;3;6;DontKnow;V_4;V_4;V_4;V_4;V_4
509;0;0;1;1;1;0;0;1;0;0;1;1;0;1;0;1;1;1;1;1;1;0;0;0;1;0;1;0;0;0;0;0;0;F;6;3;4;5;1;2;Canon;5;2;1;6;3;4;Panasonic;5;2;6;1;4;3;HP;V_99;V_6;V_6;V_1;V_6
510;0;0;0;0;0;0;0;1;0;0;0;1;0;1;1;0;1;1;0;1;0;1;0;0;0;0;0;0;0;1;1;1;1;F;5;3;6;1;2;4;DontKnow;4;3;2;5;6;1;DontKnow;6;4;1;3;5;2;DontKnow;V_2;V_4;V_4;V_2;V_2
511;0;1;0;0;1;0;0;0;0;0;1;0;0;0;0;1;0;0;0;0;0;1;0;0;1;1;0;0;0;1;0;0;1;F;6;5;4;3;1;2;DontKnow;6;2;1;3;5;4;DontKnow;6;5;2;3;4;1;DontKnow;V_99;V_99;V_1;V_2;V_99
512;0;1;1;0;1;1;0;1;1;1;1;0;0;1;1;1;1;0;0;1;1;1;0;0;0;1;0;1;0;1;0;1;2;F;3;5;1;2;4;6;Canon;3;1;4;6;5;2;Philips;5;4;1;6;3;2;Dell;V_99;V_99;V_99;V_99;V_99
