psraid;qk9a;qk9b;qk9c;qk9d;qk9e;qk9f;qk9g;qk22a;qk22b;qk22c;qk22d;qk23a;qk23b;qk23c;qk23d;qk23e;qk25a;qk25b;qk25c;qk25d;qk26a;qk26b;qk26c;qk26d;qk26e;qk26f;qk21;qk24
100008;2;2;2;2;5;5;2;1;1;1;1;1;1;2;2;2;1;2;3;1;2;2;2;2;2;3;4;30
100014;3;3;1;1;5;5; ;3;2;2;2;3;2;4;3;2;2;5;2;2;2;3;3;3;5;4;1;15
100017;4;5;5; ; ; ; ; ; ; ; ; ; ; ; ; ; ; ; ; ; ; ; ; ; ; ; ; 
100027;2;1;1;4;5;4;5;2;2;2;1;3;4;3;4;2;2;2;2;1;1;3;2;4;1;1;6;20
100039;4;3;5; ;4;4; ; ; ; ; ; ; ; ; ; ; ; ; ; ; ; ; ; ; ; ; ; 
100060;1;2;2;5;2;2;2;5;1;3;5;1;3;5;5;5;3;3;5;5;3;3;5;5;5;3;30;4
100074;1;4;5;3;3;3;3;3;4;4;5;5;3;3;3;5; ; ; ; ; ; ; ; ; ; ;1; 
100111;2;3;5; ; ; ; ; ; ; ; ; ; ; ; ; ; ; ; ; ; ; ; ; ; ; ; ; 
100118;1;4;5;3;5;5; ;3;3;5;5;4;3;4;4;4; ; ; ; ; ; ; ; ; ; ;3; 
100125;3;2;1;2;4;4;1;2;3;5;4;3;3;4;3;4;1;4;4;5;2;5;4;5;4;3;3;5
100134;2;5;5; ;5;5; ; ; ; ; ; ; ; ; ; ; ; ; ; ; ; ; ; ; ; ; ; 
100176;1;4;3;3;4;2; ;4;3;4;5;5;3;3;3;4;3;4;5;5;5;5;4;4;5;5;1;2
100213;1;1;1;1;3;5;5;1;1;5;1;4;1;1;3;4;1;1;5;1;1;1;1;4;3;4;1;30
100246;3;4;1;3; ; ; ;4;1;1;5;1;1;4;2;3;2;1;4;5;2;4;5;5;4;5;4;10
100289;3;5;1;2;1;2; ;3;2;3;6;3;4;4;3;3;1;5;4;6;2;2;4;3;2;2;1;75
100297;5;1;1;1;5;5;4;3;4;4;5;3;5;5;4;3;3;2;3;5;1;5;3;3;5;5;7;10
100338;4;4;5; ;8;5; ; ; ; ; ; ; ; ; ; ; ; ; ; ; ; ; ; ; ; ; ; 
100375;2;1;5; ;2;1;2; ; ; ; ; ; ; ; ; ; ; ; ; ; ; ; ; ; ; ; ; 
100382;2;4;2;2;3;2;2;3;2;3;6;4;3;3;3;4;1;2;5;6;1;3;3;3;3;3;5;10
100411;3;4;3;4;5;5; ;4;3;4;6;4;4;4;3;5;1;5;2;6;3;3;4;3;4;5;1;20
100416;2;2;1;2;5;2;2;1;2;4;5;1;4;3;5;4;1;3;4;5;1;2;2;4;2;3;5;50
100436;1;5;1;1;5;4;2;2;2;3;2;2;1;2;4;4;1;1;2;1;1;2;2;4;4;3;6;150
100448;4;4;5; ;4;3; ; ; ; ; ; ; ; ; ; ; ; ; ; ; ; ; ; ; ; ; ; 
100454;5;2;1;3;5;5;5;4;4;3;2;2;2;4;2;4;1;4;4;1;1;4;4;3;2;4;5;50
100508;2;3;5; ;5;2;1; ; ; ; ; ; ; ; ; ; ; ; ; ; ; ; ; ; ; ; ; 
100553;2;5;5; ;5;3; ; ; ; ; ; ; ; ; ; ; ; ; ; ; ; ; ; ; ; ; ; 
100556;1;2;3;3;3;3; ;4;3;3;5;4;4;3;5;4;4;4;5;5;3;5;5;5;5;5;2;5
100559;3;1;5;2;4;4; ;3;3;4;6;4;1;8;5;5; ; ; ; ; ; ; ; ; ; ;2; 
100567;4;3;5;2;5;3; ;3;1;3;5;3;3;2;3;3;4;1;4;5;4;2;2;4;5;5;13;5
100615;1;4;1;1;5;5;4;1;2;3;1;3;3;3;3;3;1;1;4;1;1;1;1;1;1;1;4;200
100649;4;3;5; ;2;2;3; ; ; ; ; ; ; ; ; ; ; ; ; ; ; ; ; ; ; ; ; 
100716;2;3;5; ;1;4;4; ; ; ; ; ; ; ; ; ; ; ; ; ; ; ; ; ; ; ; ; 
100800;2;2;1;3;1;4;3;4;3;3;3;5;3;3;3;5;1;5;4;1;2;1;1;3;3;3;1;100
100890;1;2;2; ;2;2;1; ; ; ; ; ; ; ; ; ; ; ; ; ; ; ; ; ; ; ; ; 
100903;1;1;5; ;5;4;4; ; ; ; ; ; ; ; ; ; ; ; ; ; ; ; ; ; ; ; ; 
100908;1;3;1;1;1;1;1;2;1;3;2;4;4;2;4;4;1;2;4;1;1;4;1;5;2;3;10;150
100920;2;4;4;1;4;4;4;3;4;3;6;4;1;1;3;5;1;1;6;6;1;1;2;1;1;1;5;10
100940;2;4;1;2;2;2;2;3;3;4;3;2;1;3;4;4;1;3;3;3;1;2;2;4;3;3;3;58
100958;1;1;1;1;1;1;1;1;2;3;1;2;1;1;5;5;1;5;1;1;2;1;1;5;5;5;20;100
100977;3;4;1;2;5;2; ;3;3;3;5;3;4;4;3;4;1;3;3;5;2;3;4;1;4;4;5;50
100990;1;2;5;2;5;2;2;3;1;5;5;2;2;2;2;3; ; ; ; ; ; ; ; ; ; ;5; 
100995;2;2;5; ;5;5;3; ; ; ; ; ; ; ; ; ; ; ; ; ; ; ; ; ; ; ; ; 
101002;1;1;1;1;1;4;4;2;2;2;6;5;1;1;5;5;1;5;1;6;3;3;2;5;5;5;10;10
101058;3;4;5; ;5;3;4; ; ; ; ; ; ; ; ; ; ; ; ; ; ; ; ; ; ; ; ; 
101103;5;2;1;3; ; ; ;2;2;2;6;1;3;5;5;5;3;5;9;6;5;5;5;5;5;5;4;120
101156;1;1;1;1;5;4;2;1;1;1;1;2;1;5;5;2;1;1;1;1;1;1;5;5;2;5;6;150
101157;2;1;1;1;1;5;1;1;1;1;1;1;1;1;4;3;1;4;1;1;1;1;1;4;5;1;50;100
101165;1;2;1; ;5;3;1; ; ; ; ; ; ; ; ; ; ; ; ; ; ; ; ; ; ; ; ; 
101181;1;3;1;2;5;5;2;1;2;3;2;1;1;1;2;3;1;2;3;2;2;2;2;2;2;4;10;200
101204;2;2;3;2;8;3; ;4;2;4;2;4;4;3;5;4;4;4;4;2;4;4;3;4;4;4;1;1
101226;2;2;1;1;3;3;1;2;1;2;5;1;2;5;2;5;1;1;1;5;1;1;2;2;5;5;5;50
101274;1;1;1;1;5;5; ;2;1;3;1;3;1;2;4;4;1;2;5;1;3;1;2;4;4;5;6;102
101341;2;2;1;3;5;5; ;4;4;5;5;3;4;4;5;4;1;3;4;5;2;4;4;5;3;5;1;15
101346;1;1;1;1;1;2;1;1;1;1;5;1;3;3;4;4;1;5;5;5;1;1;1;4;4;4;10;500
101379;3;3;1;1;1;5; ;4;4;5;5;3;2;2;5;3;1;5;4;1;1;2;2;5;3;4;2;10
101384;2;1;1;1;2;5;2;5;3;2;3;3;5;5;5;5;2;3;3;5;2;5;5;5;5;5;2;500
101389;4;4;5;8;8;5;8;3;3;3;6;3;2;3;4;3; ; ; ; ; ; ; ; ; ; ;998; 
101406;3;5;1;1;5;5; ;1;2;2;6;4;3;4;5;4;1;2;2;6;1;2;3;5;4;5;10;30
101426;3;3;5; ;4;2;2; ; ; ; ; ; ; ; ; ; ; ; ; ; ; ; ; ; ; ; ; 
101445;2;1;1;1;1;2;1;1;3;4;1;1;1;1;1;1;1;3;3;1;1;1;1;1;1;3;15;500
101447;1;3;1;1;3;3;3;2;2;3;6;2;3;3;5;5;1;2;2;6;2;5;5;5;5;5;4;4
101517;2;1;1;1;2;2;2;1;2;3;6;4;1;3;4;4;1;5;4;6;1;1;3;4;4;4;3;20
101539;1;1;1;1;3;3;1;1;3;4;1;1;2;3;4;1;1;3;5;1;1;3;2;4;1;1;9;500
101551;2;3;5;1;2;2;2;1;1;1;1;2;2;3;3;2; ; ; ; ; ; ; ; ; ; ;20; 
101582;2;3;1;2;1;5;1;3;2;4;4;4;2;4;4;4;1;2;4;5;1;2;4;4;4;4;12;40
101584;2;3;5;1; ; ; ;2;2;4;4;3;3;3;3;2; ; ; ; ; ; ; ; ; ; ;8; 
101605;1;4;1;1;5;5;1;1;3;1;5;3;3;3;4;4;1;4;1;5;1;1;1;1;1;1;3;500
101653;2;8;5; ;5;4;2; ; ; ; ; ; ; ; ; ; ; ; ; ; ; ; ; ; ; ; ; 
101659;2;2;1;2;5;3;2;2;3;4;3;4;4;2;4;4;1;3;4;2;1;3;4;5;3;3;3;30
101766;3;5;1;2;5;5;1;3;1;3;6;3;3;4;3;4;1;3;3;6;1;1;3;3;3;3;3;100
101775;1;3;5;3;5;5;5;5;2;2;5;5;5;5;3;5;5;5;5;5;5;5;5;1;5;5;2;0
101786;5;5;5; ;5;5; ; ; ; ; ; ; ; ; ; ; ; ; ; ; ; ; ; ; ; ; ; 
101793;2;3;2;1;2;3;3;3;4;4;5;3;4;3;4;3;3;3;3;2;3;3;3;4;3;4;5;15
101813;1;5;1;2;1;5;1;3;2;5;5;5;2;2;3;5;1;5;5;5;3;3;3;3;4;4;1;35
101831;1;3;5; ;3;4;3; ; ; ; ; ; ; ; ; ; ; ; ; ; ; ; ; ; ; ; ; 
101835;4;3;5; ;4;4; ; ; ; ; ; ; ; ; ; ; ; ; ; ; ; ; ; ; ; ; ; 
101840;3;3;1;2;5;5; ;3;2;3;5;3;3;3;3;4;2;4;4;5;1;2;2;4;4;4;4;50
101849;4;4;5;4;5;4; ;4;4;4;6;4;4;5;4;5; ; ; ; ; ; ; ; ; ; ;2; 
101865;1;1;1;1;5;5;1;1;2;3;6;4;2;2;5;4;1;2;4;6;4;2;2;5;3;3;2;25
101907;1;1;5; ;5;4;4; ; ; ; ; ; ; ; ; ; ; ; ; ; ; ; ; ; ; ; ; 
101917;4;9;5; ;5;5; ; ; ; ; ; ; ; ; ; ; ; ; ; ; ; ; ; ; ; ; ; 
101929;3;5;1;1;4;5;1;4;2;4;6;4;3;4;5;4;1;2;5;6;1;4;3;4;4;5;1;50
101939;1;1;1;2;2;2;1;2;2;4;5;4;2;3;4;4;1;5;3;5;3;2;2;5;4;5;2;10
101942;4;4;5; ;5;4; ; ; ; ; ; ; ; ; ; ; ; ; ; ; ; ; ; ; ; ; ; 
101945;2;3;5; ;4;5; ; ; ; ; ; ; ; ; ; ; ; ; ; ; ; ; ; ; ; ; ; 
101949;2;1;1;1;1;2; ;1;3;3;1;3;5;4;3;4;1;4;5;1;2;4;2;2;4;4;20;20
101967;1;2;1;3;5;5;3;3;5;2;5;4;3;2;5;3;1;2;2;5;2;2;2;5;3;2;1;50
101973;2;1;1;5;5;2;1;1;5;4;1;1;3;4;5;3;1;4;4;1;1;3;4;5;3;4;15;500
101988;1;2;1;1;1;5; ;1;1;2;1;2;2;2;4;4;1;1;2;1;2;1;2;3;2;2;10;42
101999;5;1;1;1;1;1;1;1;2;3;1;1;4;5;5;5;1;4;5;1;1;5;4;5;5;1;50;100
102007;2;2;1;1;2;3; ;3;2;3;1;4;2;3;1;3;1;1;1;1;2;1;3;1;4;5;5;10
102012;3;4;1;2;1;4; ;2;3;3;5;2;3;3;4;4;1;3;3;5;2;3;4;4;5;4;3;125
102035;1;5;1;1;1;5;3;1;1;1;1;2;1;1;3;2;1;4;3;1;1;1;1;2;1;1;10;75
102065;4;1;1;3;5;2;1;1;4;4;1;1;5;5;5;1;1;4;4;1;1;2;5;2;3;2;998;300
102087;2;3;1;3;5;5;4;4;3;3;6;5;3;4;3;5;1;4;3;6;4;3;3;3;4;4;1;4
102111;3;1;5; ;5;5; ; ; ; ; ; ; ; ; ; ; ; ; ; ; ; ; ; ; ; ; ; 
102155;2;3;1;3;2;4;4;2;2;3;2;1;2;2;3;2;1;2;3;1;2;2;2;3;1;2;3;400
102179;1;2;5; ;2;4;1; ; ; ; ; ; ; ; ; ; ; ; ; ; ; ; ; ; ; ; ; 
102185;1;3;5;5;3;3;3;4;2;4;3;4;3;3;4;4; ; ; ; ; ; ; ; ; ; ;1; 
102206;3;5;2;4;5;5; ;3;3;4;6;5;4;3;4;5;1;3;5;6;3;3;4;5;5;3;3;80
102210;2;4;2;2;2;4;2;3;2;3;6;3;3;3;3;4;3;5;3;6;4;3;3;4;4;5;4;10
102220;2;2;5;1;1;3;1;2;1;3;5;3;3;3;2;4; ; ; ; ; ; ; ; ; ; ;3; 
102233;1;1;1; ;2;3;3; ; ; ; ; ; ; ; ; ; ; ; ; ; ; ; ; ; ; ; ; 
102266;4;3;5;5;4;4; ;5;3;5;5;4;4;5;5;5; ; ; ; ; ; ; ; ; ; ;1; 
102273;2;1;1;1;1;3;1;2;2;2;2;3;3;3;4;4;1;2;1;1;2;2;1;4;2;5;10;50
102283;2;3;5;3;4;4; ;3;4;5;5;4;4;4;4;4;5;4;5;5;4;4;4;4;5;4;0;0
102317;1;3;1;1;2;5; ;2;2;4;4;4;4;2;4;5;1;2;4;1;1;2;2;4;4;4;2;500
102364;2;3;5; ;3;3;2; ; ; ; ; ; ; ; ; ; ; ; ; ; ; ; ; ; ; ; ; 
102365;2;2;2; ;2;3;3; ; ; ; ; ; ; ; ; ; ; ; ; ; ; ; ; ; ; ; ; 
102382;5;1;5; ;3;5; ; ; ; ; ; ; ; ; ; ; ; ; ; ; ; ; ; ; ; ; ; 
102393;2;1;1;1;1;4;1;2;2;4;6;4;3;3;3;3;1;2;3;6;2;3;3;4;4;3;5;100
102398;2;1;1;2;1;3;1;3;3;4;4;3;3;3;4;4;1;5;4;3;3;3;3;4;3;4;1;50
102408;1;3;1;1;2;4;3;1;2;3;5;2;2;1;2;3;1;1;2;5;1;1;1;2;3;4;20;80
102453;3;1;1;1;5;5; ;3;2;3;1;2;2;3;3;4;1;2;3;3;2;3;3;3;4;4;2;75
102469;3;3;5; ;5;3;2; ; ; ; ; ; ; ; ; ; ; ; ; ; ; ; ; ; ; ; ; 
102474;3;5;5; ;5;5; ; ; ; ; ; ; ; ; ; ; ; ; ; ; ; ; ; ; ; ; ; 
102475;3;1;5; ;5;5;1; ; ; ; ; ; ; ; ; ; ; ; ; ; ; ; ; ; ; ; ; 
102486;3;2;1;2;8;3; ;3;2;3;5;2;2;3;4;4;1;2;3;5;1;4;4;3;3;3;5;25
102510;3;1;1;1;5;3;3;2;1;3;1;3;3;4;3;4;1;2;2;1;1;2;4;3;3;5;8;100
102512;1;1;1;1;1;5;2;1;1;1;1;1;4;2;5;2;1;1;3;1;1;1;1;5;4;1;15;500
102521;3;5;1;2;1;5; ;2;2;1;5;4;4;4;4;4;4;5;4;5;1;1;4;4;4;4;5;20
102527;2;1;1; ;5;3;3; ; ; ; ; ; ; ; ; ; ; ; ; ; ; ; ; ; ; ; ; 
102532;4;5;1;1;3;4; ;3;1;3;6;4;2;5;3;4;4;3;3;6;3;2;5;5;5;5;2;2
102566;4;4;4;4;1;5;2;2;2;2;2;5;2;2;5;2; ; ; ; ; ; ; ; ; ; ;2; 
102578;2;4;5;2;1;1;1;3;2;3;5;3;2;3;2;4; ; ; ; ; ; ; ; ; ; ;2; 
102606;3;3;5;1;5;5; ;3;1;3;6;3;5;5;3;1; ; ; ; ; ; ; ; ; ; ;2; 
102615;2;2;1;2;1;2;1;2;2;3;2;3;3;4;4;4;1;1;3;1;2;3;3;4;3;1;3;500
102627;5;3;5; ;5;5; ; ; ; ; ; ; ; ; ; ; ; ; ; ; ; ; ; ; ; ; ; 
102634;3;3;5; ;4;2; ; ; ; ; ; ; ; ; ; ; ; ; ; ; ; ; ; ; ; ; ; 
102658;2;1;2;1;1;1;1;1;3;3;1;1;1;1;3;1;1;5;5;1;2;2;2;2;1;1;2;998
102665;2;2;1;2;2;3;2;3;1;4;5;3;1;1;3;4;1;4;4;5;2;1;3;3;4;2;5;30
102672;2;4;1;2;5;5; ;2;1;5;5;4;3;3;3;4;2;4;4;4;2;2;3;3;3;4;6;6
102709;1;3;5;1; ; ; ;1;5;5;5;1;5;5;2;5; ; ; ; ; ; ; ; ; ; ;3; 
102730;2;3;5;2;4;3;1;3;3;4;4;5;3;3;5;5; ; ; ; ; ; ; ; ; ; ;1; 
102749;5;1;1;3;1;5;5;3;3;5;5;4;4;8;4;5;3;4;5;5;3;4;5;5;3;4;4;4
102809;2;5;2;2;4;4;5;3;3;4;5;5;4;4;5;5;3;3;5;5;4;4;5;5;5;5;5;10
102860;3;2;2;3;5;2;1;4;1;3;5;3;2;1;1;5;1;3;5;5;3;1;5;1;5;5;6;15
102864;2;3;5; ;2;2;2; ; ; ; ; ; ; ; ; ; ; ; ; ; ; ; ; ; ; ; ; 
102894;2;1;1;1;5;4;2;2;2;1;1;3;4;4;4;3;2;3;5;1;1;3;3;5;5;3;998;150
102936;3;1;5;5;1;3; ;3;2;5;5;2;4;4;4;4; ; ; ; ; ; ; ; ; ; ;2; 
102948;3;1;5;3;5;4;2;2;3;5;2;4;3;4;4;4; ; ; ; ; ; ; ; ; ; ;3; 
102987;1;3;1;1;5;5;1;1;2;3;2;2;1;1;3;3;1;3;2;1;1;2;1;3;3;2;10;50
102993;3;3;1;3;2;3;2;3;2;5;4;4;2;2;4;4;1;3;5;2;1;3;3;2;3;4;5;100
102998;2;1;1;1;1;3;1;1;2;4;1;3;1;2;5;1;1;3;3;3;1;4;1;5;3;1;7;500
103011;2;3;5;3;5;3; ;4;4;5;6;4;3;3;5;5; ; ; ; ; ; ; ; ; ; ;1; 
103040;3;4;5; ; ; ; ; ; ; ; ; ; ; ; ; ; ; ; ; ; ; ; ; ; ; ; ; 
103072;2;2;1;2;2;5;3;2;3;2;2;1;5;3;3;2;1;2;2;2;2;3;3;3;3;2;2;100
103074;1;5;1;1;1;1;1;1;2;4;1;1;5;2;2;4;1;2;2;1;1;1;1;2;4;4;5;998
103081;3;1;3;2;5;2;5;1;3;4;5;1;3;3;4;3;3;5;5;5;3;5;5;5;5;4;10;2
103127;2;4;1; ;1;1;1; ; ; ; ; ; ; ; ; ; ; ; ; ; ; ; ; ; ; ; ; 
103139;2;2;5; ; ; ; ; ; ; ; ; ; ; ; ; ; ; ; ; ; ; ; ; ; ; ; ; 
103145;1;2;1;1;2;3;1;1;1;1;1;1;2;3;1;1;1;5;1;1;1;1;5;1;5;1;130;300
103228;3;2;1;1;1;2;2;2;1;2;5;1;2;2;4;2;1;2;2;5;1;2;2;4;4;4;15;200
103243;2;1;2;4;1;4;1;2;2;4;3;4;2;2;3;5;2;5;5;2;4;3;3;3;5;4;3;10
103245;3;2;1;1;2;2; ;3;3;4;3;3;1;1;4;4;1;3;5;1;3;1;2;3;5;3;10;30
103246;3;4;1;1;4;5; ;1;2;4;5;5;2;2;5;5;1;3;5;5;5;5;5;5;5;5;3;10
103251;1;3;1;1;3;3;1;3;2;2;2;2;1;2;2;3;1;1;2;1;1;2;2;3;1;2;3;30
103258;3;3;3;3;3;3; ;2;1;4;4;4;1;2;4;5;3;3;5;5;4;3;4;5;5;5;2;10
103259;3;2;2; ;3;5;2; ; ; ; ; ; ; ; ; ; ; ; ; ; ; ; ; ; ; ; ; 
103263;5;5;5; ; ; ; ; ; ; ; ; ; ; ; ; ; ; ; ; ; ; ; ; ; ; ; ; 
103289;3;5;2;2;5;3;3;3;4;3;4;4;4;1;5;5;1;5;5;1;1;4;4;5;5;5;4;50
103325;5;3;5; ;5;2;2; ; ; ; ; ; ; ; ; ; ; ; ; ; ; ; ; ; ; ; ; 
103327;4;3;1;2; ; ; ;1;1;1;6;1;1;4;1;3;1;1;1;6;1;1;4;1;1;4;3;20
103342;1;2;1;2;4;3;2;2;1;3;3;3;4;3;3;4;1;2;3;4;3;3;3;4;4;3;4;25
103347;2;4;1;1;4;3;1;3;3;5;5;4;4;5;4;4;1;3;5;5;1;4;4;3;3;1;2;200
103358;3;5;1;3;1;5; ;2;2;2;2;2;2;2;5;5;1;5;2;1;1;1;5;5;5;5;5;20
103379;1;1;1;1;4;5; ;1;3;3;1;1;2;1;4;3;2;2;3;1;2;3;3;4;3;3;12;5
103381;2;4;1;1;5;2;1;2;2;3;1;3;2;3;3;3;1;2;1;1;1;4;3;5;5;3;2;100
103385;1;1;1;1;1;5;1;1;1;1;2;2;2;3;1;3;1;4;2;2;2;2;3;1;1;1;4;500
103401;2;3;5;4; ; ; ;4;3;3;5;3;3;5;5;5; ; ; ; ; ; ; ; ; ; ;3; 
103452;4;1;1;4;2;4;4;4;3;2;1;4;2;4;1;2;1;3;3;1;1;3;4;1;1;4;2;50
103457;3;1;4; ;3;5;5; ; ; ; ; ; ; ; ; ; ; ; ; ; ; ; ; ; ; ; ; 
103461;2;3;2;3; ; ; ;2;3;4;2;3;4;3;5;3;1;5;4;1;2;4;4;4;4;3;2;100
103528;2;1;1;1;1;5;1;1;1;1;1;1;2;2;1;1;1;2;1;1;1;2;2;1;1;1;75;109
103544;1;5;1;3;5;5;2;2;2;2;3;3;1;2;4;4;1;1;2;3;2;1;1;4;4;4;3;50
103554;3;2;1;2;4;2;2;2;2;5;1;3;3;5;2;5;1;2;5;1;1;2;5;2;4;1;5;80
103556;2;1;1; ;1;5;1; ; ; ; ; ; ; ; ; ; ; ; ; ; ; ; ; ; ; ; ; 
103611;3;1;1;1;1;3;1;2;3;5;5;2;5;5;5;5;3;5;5;5;2;5;5;5;5;5;20;100
103620;1;2;5;1;2;2; ;3;1;3;2;1;2;3;3;5; ; ; ; ; ; ; ; ; ; ;5; 
103626;1;5;1;1;3;4;1;1;1;4;1;3;3;3;3;3;1;2;2;1;1;2;2;2;2;2;10;150
103627;1;1;2;2; ; ; ;3;3;4;4;5;3;3;4;5; ; ; ; ; ; ; ; ; ; ;2; 
103697;1;1;1;1;1;1;5;2;1;1;5;1;5;2;1;5;1;1;1;5;1;1;1;3;5;5;10;998
103707;4;4;4;4; ; ; ;5;2;4;6;5;5;4;4;5;4;4;5;6;4;4;4;4;5;5;1;1
103731;2;2;1;1;1;2;1;2;2;5;3;3;4;3;4;4;1;4;4;1;1;4;3;4;4;8;3;200
103737;3;1;5; ;5;3;3; ; ; ; ; ; ; ; ; ; ; ; ; ; ; ; ; ; ; ; ; 
103766;3;2;1;1;1;4;3;3;4;4;4;2;4;4;4;4;1;3;4;3;1;4;4;5;4;4;1;50
103768;2;4;1;2;4;3;2;3;1;5;5;4;3;3;3;4;1;5;5;5;3;3;3;3;3;1;4;35
103769;2;5;5; ; ; ; ; ; ; ; ; ; ; ; ; ; ; ; ; ; ; ; ; ; ; ; ; 
103801;1;2;1;1;2;5;2;2;2;4;1;2;2;3;5;2;1;2;4;1;1;1;2;5;2;2;5;200
103814;1;3;1;1;5;5;1;2;2;4;3;4;3;2;3;4;1;2;5;1;2;2;2;4;3;2;2;25
103874;2;5;1;1;2;3;2;1;2;3;1;2;1;2;2;4;1;1;2;1;2;2;2;2;3;3;25;500
103886;1;4;5; ;1;4; ; ; ; ; ; ; ; ; ; ; ; ; ; ; ; ; ; ; ; ; ; 
103892;4;4;4;4; ; ; ;4;5;5;5;5;5;5;5;5;4;5;5;5;5;5;5;5;5;5;0;1
103903;2;5;4;4;1;5;4;4;3;5;1;4;4;4;5;4;1;5;5;5;1;5;5;5;3;1;1;150
103937;2;2;5;4;5;5; ;4;4;4;5;5;4;4;5;5; ; ; ; ; ; ; ; ; ; ;0; 
103942;1;1;3;2;3;5;2;2;4;4;2;2;1;3;5;3;1;4;4;3;1;3;2;4;3;2;3;3
103977;4;3;2;2; ; ; ;4;5;2;1;4;1;1;3;4;1;5;2;1;2;1;1;3;3;2;25;998
103987;1;4;1;2;1;5;2;2;2;3;2;4;2;1;3;2;1;4;1;1;2;1;1;2;3;2;10;100
104018;2;1;1;1;3;2;2;1;1;1;2;2;1;4;1;1; ; ; ; ; ; ; ; ; ; ;6; 
104079;2;2;5; ;3;4;2; ; ; ; ; ; ; ; ; ; ; ; ; ; ; ; ; ; ; ; ; 
104088;2;1;5; ;1;2;1; ; ; ; ; ; ; ; ; ; ; ; ; ; ; ; ; ; ; ; ; 
104134;3;4;1;1;1;4;3;2;4;2;2;2;2;4;4;4;1;5;2;1;2;5;5;5;2;5;10;100
104135;1;4;5; ;5;4; ; ; ; ; ; ; ; ; ; ; ; ; ; ; ; ; ; ; ; ; ; 
104159;4;5;4;4;5;5;5;4;2;2;5;4;1;2;5;4;4;4;4;5;4;2;2;4;5;5;2;2
104175;2;3;1;1;5;5;3;2;2;3;1;3;3;2;3;3;1;2;2;2;1;1;1;3;3;3;10;200
104176;2;3;1;1;1;2;5;2;5;5;1;3;5;3;5;3;5;5;5;1;1;5;3;1;5;5;5;10
104177;4;3;5;5;5;5; ;5;2;5;5;5;1;1;4;5; ; ; ; ; ; ; ; ; ; ;1; 
104180;2;3;1;1;2;3;1;2;2;3;1;1;2;3;3;4;1;5;4;4;1;5;4;2;4;4;3;10
104185;5;3;3;4;3;4;3;4;2;4;6;4;5;5;5;5;4;2;5;6;4;5;4;5;5;5;1;5
104203;3;5;5; ;5;4; ; ; ; ; ; ; ; ; ; ; ; ; ; ; ; ; ; ; ; ; ; 
104244;2;2;4;3;5;4;3;3;3;4;5;4;3;4;4;4;4;4;4;5;5;4;4;4;5;5;1;0
104252;2;1;5; ;1;3;1; ; ; ; ; ; ; ; ; ; ; ; ; ; ; ; ; ; ; ; ; 
104262;2;1;5; ;4;5; ; ; ; ; ; ; ; ; ; ; ; ; ; ; ; ; ; ; ; ; ; 
104324;3;2;1;2;1;5;1;2;1;3;2;3;2;3;4;4;1;5;2;1;2;2;3;4;4;5;5;30
104326;1;1;1;1;1;4;1;1;1;1;1;4;2;2;4;4;1;1;2;1;2;1;1;5;4;4;40;200
104335;1;4;1;1; ; ; ;3;1;1;1;3;2;4;3;4;1;1;1;1;1;1;1;4;4;4;3;400
104382;1;4;1;1;4;3;1;1;1;1;3;3;1;5;4;4;1;1;1;1;1;1;1;1;4;4;5;300
104396;1;2;5;3;1;3;2;4;4;4;4;4;4;4;4;5; ; ; ; ; ; ; ; ; ; ;0; 
104429;3;4;2;2;2;3;2;3;3;3;3;4;3;3;4;4;3;3;3;3;3;3;3;4;4;3;1;20
104466;3;1;5;3;4;3;1;2;3;3;5;2;3;3;4;4; ; ; ; ; ; ; ; ; ; ;5; 
104503;2;3;5; ;4;5; ; ; ; ; ; ; ; ; ; ; ; ; ; ; ; ; ; ; ; ; ; 
104521;1;4;1;2;5;4;2;3;2;4;5;5;3;3;5;5;1;5;4;5;1;3;4;5;3;1;5;150
104522;3;5;5;5;5;5;4;5;4;4;5;5;4;5;5;5; ; ; ; ; ; ; ; ; ; ;0; 
104530;3;3;2;4; ; ; ;4;2;2;5;4;3;3;3;4;3;2;3;4;3;3;2;3;4;4;3;15
104543;2;5;5; ;5;5; ; ; ; ; ; ; ; ; ; ; ; ; ; ; ; ; ; ; ; ; ; 
104571;2;2;1; ;2;3;2; ; ; ; ; ; ; ; ; ; ; ; ; ; ; ; ; ; ; ; ; 
104606;1;4;5; ;1;4;1; ; ; ; ; ; ; ; ; ; ; ; ; ; ; ; ; ; ; ; ; 
104611;2;1;5; ; ; ; ; ; ; ; ; ; ; ; ; ; ; ; ; ; ; ; ; ; ; ; ; 
104635;2;3;1;1;1;3;3;3;3;2;5;2;3;3;4;1;1;2;2;2;1;3;3;4;3;4;120;500
104736;4;4;5; ;5;5; ; ; ; ; ; ; ; ; ; ; ; ; ; ; ; ; ; ; ; ; ; 
104749;5;3;3;1; ; ; ;2;1;1;5;3;3;5;5;5;2;1;1;5;2;2;3;5;5;5;5;20
104754;2;5;1;2;2;4;2;3;2;2;5;5;4;2;3;5;1;2;2;5;1;1;2;2;1;2;10;100
104757;3;2;5; ;5;2;5; ; ; ; ; ; ; ; ; ; ; ; ; ; ; ; ; ; ; ; ; 
104784;4;4;5;1;5;5;4;2;3;4;2;2;2;5;3;2; ; ; ; ; ; ; ; ; ; ;2; 
104802;3;3;1;1;5;5; ;2;1;4;6;4;1;2;4;5;1;1;4;6;1;1;1;4;3;5;5;100
104810;1;5;1;1;5;5;3;2;2;3;1;4;1;1;4;4;1;2;3;1;1;2;2;4;3;4;5;200
104823;1;3;1;1;1;4; ;1;1;1;1;8;2;4;2;1;1;1;1;1;2;2;2;2;3;4;2;200
104839;3;2;1;1;5;4; ;1;1;5;5;1;2;4;4;5;1;1;5;3;1;4;4;4;4;5;7;50
104843;1;2;2;3;3;5; ;3;2;2;5;3;3;4;4;4;1;2;2;5;4;3;4;4;5;5;15;20
104853;1;1;2;2;1;1;1;1;2;3;6;3;3;3;5;3;3;5;5;6;3;5;3;5;3;3;2;2
104868;1;1;2;1;1;4;2;1;1;4;1;3;2;3;4;4;1;3;3;1;3;4;4;3;3;4;2;80
104879;3;2;2;3;3;5;5;4;4;3;5;4;5;4;4;4;3;4;4;5;3;4;4;4;4;4;5;4
104893;3;2;1;1;1;3;2;2;1;1;4;3;1;3;3;3;1;2;1;4;1;1;2;3;3;5;5;50
104895;3;5;1;3;1;4;5;1;2;4;1;3;2;3;1;4;1;2;3;1;3;3;5;5;5;1;20;100
104897;3;5;1;1;5;1; ;1;2;3;1;2;2;3;3;2;1;5;2;1;1;2;3;3;1;1;5;0
104900;3;2;5;2;5;5; ;3;3;3;3;4;4;4;3;4; ; ; ; ; ; ; ; ; ; ;8; 
104933;3;1;1;1;2;4; ;2;2;5;5;2;3;3;1;1;1;5;5;5;1;2;3;2;3;3;3;50
104964;2;4;1;1;2;4;2;2;2;3;1;4;4;3;3;4;1;4;4;3;3;4;4;3;4;1;10;30
104986;1;1;1;1; ; ; ;1;1;1;3;1;4;5;5;5;1;5;1;1;4;4;4;4;1;4;5;50
105037;4;3;1;3;2;3;3;1;1;2;1;3;5;5;5;1;1;3;5;3;1;5;5;5;1;5;3;50
105064;2;1;5; ;3;2;3; ; ; ; ; ; ; ; ; ; ; ; ; ; ; ; ; ; ; ; ; 
105070;1;2;2;1;3;2; ;1;5;5;1;3;3;1;1;1;4;3;1;1;4;4;4;5;4;4;7;5
105090;4;4;5; ;4;4;1; ; ; ; ; ; ; ; ; ; ; ; ; ; ; ; ; ; ; ; ; 
105098;4;1;1;4;5;5;5;3;2;3;1;2;5;3;3;3;1;5;3;1;5;5;1;3;3;2;15;50
105113;3;3;1;1;1;1;1;3;1;1;3;3;1;1;1;3;1;1;1;1;1;1;3;3;3;1;4;100
105128;1;1;5; ;3;4;3; ; ; ; ; ; ; ; ; ; ; ; ; ; ; ; ; ; ; ; ; 
105138;4;3;5;3;4;2;1;5;2;2;2;5;2;2;4;4; ; ; ; ; ; ; ; ; ; ;1; 
105154;3;5;1;1;3;4; ;1;1;5;1;2;3;3;5;2;1;5;5;1;2;5;1;5;2;1;75;300
105168;1;5;1;1;1;3;1;1;1;1;1;3;1;1;5;4;1;1;1;1;2;1;1;4;3;3;35;150
105238;1;4;1;1;1;5;2;2;1;1;1;3;1;1;4;3;1;4;4;1;3;1;3;3;4;4;12;50
105241;2;2;1;1;5;3; ;1;2;1;1;2;2;2;3;3;1;2;2;1;2;2;2;3;2;3;3;150
105264;1;1;1;1;2;5;1;1;1;1;1;1;1;2;2;1;1;1;1;1;1;2;2;4;1;1;3;200
105283;1;2;1;1;1;4;1;3;1;2;1;3;1;1;3;3;1;1;1;1;1;1;1;3;2;1;10;150
105295;3;4;5; ;5;2;2; ; ; ; ; ; ; ; ; ; ; ; ; ; ; ; ; ; ; ; ; 
105306;1;5;1;1;1;3; ;1;3;4;1;3;2;1;4;4;1;5;4;1;1;1;4;3;4;4;10;150
105311;3;1;5;5;5;5; ;5;5;5;5;3;5;5;5;4;1;3;3;5;1;5;5;5;3;1;0;0
105320;3;2;1;1;4;1;2;2;2;2;2;2;1;2;1;2;1;2;1;2;1;2;2;1;2;1;10;30
105342;2;3;2;4;2;5; ;4;2;3;6;3;2;4;5;5;3;5;4;6;3;4;5;5;4;5;1;5
105386;2;2;4;1;3;2;4;3;3;3;6;3;3;3;1;4;4;4;4;6;4;4;4;2;4;4;6;1
105390;2;2;5; ;5;5; ; ; ; ; ; ; ; ; ; ; ; ; ; ; ; ; ; ; ; ; ; 
105426;3;3;3;4;3;4;4;4;2;2;5;4;3;4;3;5;4;5;5;5;4;5;5;5;4;5;2;1
105432;1;1;2;2;2;5;4;1;3;3;3;3;3;3;3;2;2;3;3;3;4;3;4;4;3;3;5;100
105434;2;2;1;2;5;4; ;3;2;1;5;1;1;3;5;3;1;5;5;5;1;1;3;5;3;5;6;30
105486;1;1;1;1;2;2;1;2;1;1;3;4;1;2;4;4;1;1;1;4;4;1;1;1;4;4;8;10
105493;2;4;1;1;1;2;2;2;3;4;3;3;3;4;4;4;2;5;4;3;3;3;4;3;4;3;7;25
105513;3;2;1;1;1;3;3;1;1;2;6;1;2;4;2;4;1;2;4;6;1;2;4;2;4;2;4;50
105567;1;1;1;1;1;3;2;1;2;2;4;2;2;4;4;4;1;1;2;1;1;2;2;4;4;4;10;200
105584;1;4;1;1;5;5; ;3;2;2;2;4;4;4;4;4;1;2;2;2;3;3;3;4;4;4;3;500
105604;1;3;1;1;1;2;1;1;1;4;1;3;1;2;5;3;1;1;3;1;1;1;1;5;1;1;10;100
105609;3;4;3;3;3;5; ;3;3;4;5;4;3;3;5;5;3;3;3;5;3;3;3;5;5;4;1;2
105639;3;1;1; ;3;3;5; ; ; ; ; ; ; ; ; ; ; ; ; ; ; ; ; ; ; ; ; 
105672;2;2;2;1;1;1;2;3;4;3;6;3;4;4;5;5;1;4;1;6;1;4;4;4;5;5;3;5
105674;3;3;5; ;1;1;1; ; ; ; ; ; ; ; ; ; ; ; ; ; ; ; ; ; ; ; ; 
105692;2;2;1;2;1;3;1;1;1;3;5;2;1;3;2;3;1;1;5;5;2;5;5;5;5;3;15;20
105724;3;1;1;1;3;3;5;2;2;5;2;2;4;4;4;4;1;2;1;1;2;2;4;4;4;4;1;20
105726;1;2;1;1;5;4;2;1;2;2;4;4;1;1;3;4;1;5;3;5;1;1;1;3;3;3;2;70
105811;4;4;4;4;5;4;4;4;4;5;6;4;4;4;4;4;3;3;5;6;3;4;4;4;4;4;1;2
105849;4;3;5; ;3;1; ; ; ; ; ; ; ; ; ; ; ; ; ; ; ; ; ; ; ; ; ; 
105855;1;2;5; ;4;4;4; ; ; ; ; ; ; ; ; ; ; ; ; ; ; ; ; ; ; ; ; 
105870;4;3;5;5;5;4; ;5;5;5;6;4;4;4;5;5; ; ; ; ; ; ; ; ; ; ;0; 
105884;1;5;1;1;1;5;2;1;2;3;2;4;2;2;4;4;1;1;2;1;2;1;2;4;3;3;4;100
105886;1;5;1;1;4;4;2;1;2;2;1;2;4;3;3;4;1;1;2;3;1;1;3;3;3;3;10;100
105891;1;1;1;1;2;2;2;1;2;2;2;3;3;3;5;4;1;2;2;1;1;2;3;4;3;2;10;50
105913;5;1;5; ; ; ; ; ; ; ; ; ; ; ; ; ; ; ; ; ; ; ; ; ; ; ; ; 
105919;1;2;5; ;3;5; ; ; ; ; ; ; ; ; ; ; ; ; ; ; ; ; ; ; ; ; ; 
105938;3;3;4;4;2;2; ;4;2;4;4;4;1;4;4;4;5;5;5;5;5;5;5;5;5;5;1;0
105943;5;1;1;1; ; ; ;4;5;5;1;5;4;5;5;4;1;5;3;1;5;5;5;5;4;4;3;100
105950;2;5;1;1;2;2;1;2;2;3;6;3;3;3;4;3;1;2;3;6;3;2;3;4;3;3;2;75
105967;1;1;3; ;3;1;1; ; ; ; ; ; ; ; ; ; ; ; ; ; ; ; ; ; ; ; ; 
105991;1;4;4;3;4;4; ;4;3;4;6;4;4;3;5;2;4;4;4;6;4;3;4;5;5;4;1;10
106006;1;5;1;1;5;5;4;1;3;4;6;4;1;3;3;4;1;4;4;6;2;2;2;3;5;5;4;35
106010;3;4;3;2;5;5;4;3;2;5;3;3;2;3;5;5;3;5;5;3;5;5;5;5;5;5;15;40
106013;1;5;1;1;5;5;1;1;1;2;1;4;3;3;3;4;1;3;3;1;4;3;3;4;4;4;15;100
106037;3;4;1;1;4;4; ;1;2;3;6;3;2;2;3;4;1;3;4;6;1;3;4;4;5;5;4;200
106052;3;1;1;1;1;1;1;1;2;2;6;4;3;3;2;3;1;5;2;6;1;3;3;3;5;3;5;10
106054;2;2;5; ;5;5; ; ; ; ; ; ; ; ; ; ; ; ; ; ; ; ; ; ; ; ; ; 
106070;3;1;1;1; ; ; ;1;4;3;2;1;5;5;5;8;1;4;4;2;1;5;5;8;1;5;998;998
106074;2;3;5; ;5;5; ; ; ; ; ; ; ; ; ; ; ; ; ; ; ; ; ; ; ; ; ; 
106153;3;5;1;1;5;5;3;1;5;4;1;2;5;5;5;2;1;5;4;1;3;5;5;3;3;3;2;100
106156;2;2;1;1;3;3;1;1;1;1;1;2;1;4;3;2;1;2;1;1;1;1;1;4;1;1;20;500
106239;1;1;3;3;1;5;1;2;1;4;1;3;1;4;4;4;3;5;5;1;1;1;1;4;5;4;6;20
106244;1;3;1;1;4;4;2;2;2;3;5;3;1;1;3;3;1;2;4;5;1;1;2;3;4;3;5;100
106261;2;5;1;2;4;4; ;3;2;3;1;4;3;3;5;4;4;2;3;1;4;4;4;5;5;4;4;70
106278;3;1;5;5;1;3;1;4;5;5;5;4;4;5;4;4; ; ; ; ; ; ; ; ; ; ;0; 
106292;1;1;1;2;5;3; ;1;2;2;5;5;2;2;4;3;1;1;2;5;3;4;3;4;3;3;10;30
106323;3;1;1;1;2;4;2;1;2;2;6;2;2;4;2;4;1;1;2;6;2;2;3;4;4;4;20;40
106326;2;2;5; ;1;1;1; ; ; ; ; ; ; ; ; ; ; ; ; ; ; ; ; ; ; ; ; 
106388;1;1;5; ;3;1;3; ; ; ; ; ; ; ; ; ; ; ; ; ; ; ; ; ; ; ; ; 
106390;1;1;1;1;3;3;2;2;5;2;2;3;1;5;2;3;1;5;2;1;1;1;4;4;5;5;1;15
106392;1;3;5; ;5;5; ; ; ; ; ; ; ; ; ; ; ; ; ; ; ; ; ; ; ; ; ; 
106406;1;3;5; ;2;1;2; ; ; ; ; ; ; ; ; ; ; ; ; ; ; ; ; ; ; ; ; 
106409;3;3;8;5;5;5; ;2;1;1;6;3;5;5;5;5; ; ; ; ; ; ; ; ; ; ;10; 
106416;2;1;1;1;5;2;3;4;2;1;2;1;5;2;1;2;1;1;1;1;1;1;1;1;4;5;5;100
106437;2;1;1;2;5;4;4;3;3;5;3;3;4;4;4;4;1;5;5;1;1;1;4;4;1;1;2;100
106441;1;2;1;1;5;5;1;3;1;4;2;4;3;3;5;5;1;3;4;1;2;1;1;2;1;5;5;150
106454;2;5;5; ;5;3;2; ; ; ; ; ; ; ; ; ; ; ; ; ; ; ; ; ; ; ; ; 
106474;5;5;5;5; ; ; ;5;5;5;5;5;5;5;5;5; ; ; ; ; ; ; ; ; ; ;0; 
106490;2;2;1;1;1;2;1;2;2;2;1;1;4;4;3;3;1;5;3;1;2;2;2;2;1;2;998;998
106526;1;5;5; ;5;5; ; ; ; ; ; ; ; ; ; ; ; ; ; ; ; ; ; ; ; ; ; 
106571;1;1;1;1;2;2;1;1;1;2;6;2;1;1;2;4;1;1;1;6;1;1;1;1;1;1;4;200
106583;4;1;1;1;1;2;1;1;5;5;1;2;5;2;5;2;2;5;5;2;1;2;2;5;2;2;10;100
106596;1;4;1;3;1;5;1;4;2;3;3;4;3;4;4;5;1;2;1;1;1;4;3;3;1;4;1;80
106597;2;2;5; ; ; ; ; ; ; ; ; ; ; ; ; ; ; ; ; ; ; ; ; ; ; ; ; 
106615;2;1;1;1;4;4;4;1;1;1;1;2;1;1;2;1;1;2;1;1;1;1;1;2;1;1;20;300
106642;1;1;1;1;1;1;3;1;1;2;2;1;2;1;2;1;1;1;1;1;2;1;1;2;2;1;10;50
106664;1;3;1;1;5;5;2;1;1;2;6;3;2;2;4;4;1;2;2;6;3;1;2;4;4;4;4;150
106727;2;4;2;1;3;4;4;1;1;1;1;3;1;1;1;2;1;1;1;1;1;1;1;1;1;1;100;10
106767;2;4;1;1;1;5; ;2;2;2;2;3;2;3;3;3;2;2;3;3;3;3;3;3;3;4;2;80
106821;2;2;1;2;5;2;1;3;3;3;4;5;3;4;4;4;1;4;4;3;3;3;4;3;4;3;2;20
106831;2;2;1;1;5;5;2;2;1;4;4;2;4;3;3;3;1;1;3;3;3;3;3;3;3;4;1;10
106833;1;4;1;1;3;3;2;2;1;3;2;4;2;2;3;4;1;2;3;1;2;2;2;4;3;4;5;50
106873;1;5;8; ;1;2; ; ; ; ; ; ; ; ; ; ; ; ; ; ; ; ; ; ; ; ; ; 
106893;1;1;1;1;1;5;3;1;3;3;5;1;1;1;4;3;1;3;3;5;1;1;1;4;4;1;3;50
106894;2;2;1;1;5;1;1;2;1;2;6;2;1;2;5;3;2;5;3;6;2;2;3;5;3;5;10;30
106898;1;3;2; ;5;3;1; ; ; ; ; ; ; ; ; ; ; ; ; ; ; ; ; ; ; ; ; 
106905;5;3;5; ;5;3;3; ; ; ; ; ; ; ; ; ; ; ; ; ; ; ; ; ; ; ; ; 
106907;2;3;1;3;2;4;3;2;5;5;2;4;3;4;3;4;1;5;5;1;2;3;3;3;4;4;4;10
106915;2;2;4;2;5;4;3;2;2;5;5;1;1;1;4;3; ; ; ; ; ; ; ; ; ; ;3; 
106933;5;2;2;2;2;5;4;4;4;4;1;1;1;4;4;1;1;5;1;1;1;1;4;1;4;2;998;40
106968;4;3;1;2;3;3; ;3;3;6;6;1;4;5;3;3;3;2;6;6;4;4;5;5;5;5;2;7
106987;1;4;1;1;3;5;2;2;4;4;3;4;4;4;4;3;1;2;4;1;2;3;3;5;2;5;5;100
106990;3;3;1;3;4;5;5;1;2;5;3;3;4;4;4;2;4;4;5;1;1;5;5;5;2;1;2;400
107000;1;3;3; ;8;3;8; ; ; ; ; ; ; ; ; ; ; ; ; ; ; ; ; ; ; ; ; 
107008;3;1;5;1; ; ; ;1;3;5;1;1;3;8;1;1; ; ; ; ; ; ; ; ; ; ;20; 
107020;3;5;1;1;2;5;4;2;1;1;1;5;1;1;4;3;1;3;1;1;1;1;1;4;3;1;2;5
107031;2;1;1;1;2;4; ;1;1;1;3;2;1;1;2;2;1;2;1;5;2;1;2;2;2;2;3;500
107039;2;1;1;1; ; ; ;1;2;2;1;3;5;5;5;5;1;5;5;1;5;5;5;5;5;5;100;500
107055;1;1;1;1;1;1;1;2;1;4;1;2;1;1;5;1;1;1;1;1;1;2;1;5;1;1;3;100
107079;4;3;2;4;2;2; ;4;3;3;5;4;4;4;3;4;2;3;3;5;4;3;4;4;4;3;1;7
107080;2;3;5; ;1;1;1; ; ; ; ; ; ; ; ; ; ; ; ; ; ; ; ; ; ; ; ; 
107081;2;1;1;2;3;2; ;2;2;4;3;4;4;4;3;4;1;3;4;3;3;3;4;3;5;5;1;10
107100;1;3;5; ;5;3; ; ; ; ; ; ; ; ; ; ; ; ; ; ; ; ; ; ; ; ; ; 
107151;3;4;1;3;3;4;1;2;2;2;4;4;2;4;4;2;1;2;1;1;1;1;4;1;1;2;1;150
107177;1;2;1;3;3;3;3;3;2;4;5;4;4;4;4;4;2;2;4;5;2;4;4;4;4;4;3;10
107214;3;1;3;1;5;1;1;1;3;3;1;1;1;1;5;1;1;1;1;1;1;1;1;5;1;1;20;200
107248;3;2;2;2;3;5;5;3;1;4;5;4;4;5;5;5;3;4;2;5;3;5;5;5;5;5;10;15
107280;1;2;1;1;5;2;2;1;1;6;2;3;1;1;5;4;1;4;6;1;1;1;1;5;3;3;20;500
107290;1;3;1;2;2;1;1;1;1;4;1;1;1;1;5;3;1;1;4;1;1;1;1;4;2;5;60;500
107326;3;1;1;1;2;3;1;1;3;5;1;2;1;2;1;1;1;4;3;1;1;2;1;4;1;1;998;500
107365;2;1;2;2;1;5;1;1;1;1;1;1;1;2;2;1;1;2;2;2;1;2;2;2;5;2;15;25
107367;1;4;4;4;3;4;3;4;3;4;5;5;3;3;5;5;4;4;4;5;4;4;4;5;4;5;3;1
107369;2;2;5;1;1;3;1;1;2;2;2;1;2;2;4;4;5;4;5;1;4;4;5;5;5;5;10;0
107384;2;3;1;1;3;2;2;1;3;4;5;4;3;3;4;4;2;3;4;5;1;3;3;4;3;4;3;50
107386;2;3;1;1;1;2;2;2;1;3;5;3;2;2;2;3;1;1;5;5;1;1;2;2;3;4;8;20
107416;1;2;1;1;3;3;2;1;1;2;5;1;3;3;3;1;1;1;2;5;1;3;4;3;3;3;11;85
107430;3;3;5; ;2;1; ; ; ; ; ; ; ; ; ; ; ; ; ; ; ; ; ; ; ; ; ; 
107499;1;1;1;1;1;3;5;2;1;1;4;4;3;1;1;2;1;1;4;2;4;4;2;2;3;3;10;20
107523;2;2;1;2;3;3;2;3;2;3;3;3;2;3;4;4;1;4;1;1;1;2;2;4;4;4;4;100
107541;2;3;5; ;2;1;1; ; ; ; ; ; ; ; ; ; ; ; ; ; ; ; ; ; ; ; ; 
107544;1;1;1;1;1;1;1;1;1;2;1;1;1;2;2;2;1;5;2;1;1;2;2;2;1;1;15;150
107597;2;1;1;1;1;1;1;1;3;4;1;1;1;1;1;2;1;5;5;1;1;2;2;1;2;2;10;20
107612;3;5;1;3;5;5;3;4;2;2;5;5;3;5;5;4;2;2;2;5;2;2;3;4;3;3;2;40
107625;1;2;1;2;2;2;1;1;1;4;5;2;2;2;2;1;1;1;4;5;2;1;1;2;1;2;8;100
107667;4;3;1;1;1;1;1;1;2;1;5;1;3;4;2;4; ; ; ; ; ; ; ; ; ; ;15; 
107683;2;4;1;2;2;4;2;3;2;5;3;4;2;3;4;3;1;5;5;1;1;3;3;4;1;4;2;100
107685;1;3;1;2;3;3;5;3;4;4;1;2;2;2;5;3;1;2;4;1;1;2;2;4;4;5;5;500
107702;4;5;1;2;1;1; ;3;3;5;6;3;5;4;5;5;3;4;5;6;2;5;4;5;5;4;0;5
107817;3;5;1;3;5;5; ;2;3;5;5;5;1;5;5;5;1;5;1;5;1;4;5;5;5;5;0;20
107847;3;3;3;1;1;5; ;4;2;2;5;3;4;5;4;5;1;4;1;1;1;5;5;4;5;2;20;100
107869;2;2;1;1;4;1;1;2;1;1;5;3;1;1;1;4;1;1;1;5;1;1;3;5;5;1;4;200
107907;4;3;3;2;4;5;2;4;2;5;6;4;2;3;3;3;2;3;5;6;3;2;3;4;4;5;1;1
107911;3;4;4; ;4;3;1; ; ; ; ; ; ; ; ; ; ; ; ; ; ; ; ; ; ; ; ; 
107939;3;3;4;3;3;2;3;3;1;3;5;1;1;3;3;4;2;4;3;5;4;1;4;4;4;4;2;5
107946;1;1;1;1;3;3;1;1;3;4;1;3;4;3;3;4;1;5;4;1;1;4;1;4;3;2;5;500
107957;2;5;1;2;2;3;2;3;3;3;6;3;4;4;4;4;1;3;3;6;3;4;4;4;4;4;6;100
107972;4;4;5;5;5;5; ;5;4;4;5;5;5;4;4;5;5;4;5;5;5;4;4;5;5;5;0;0
107986;3;1;2;2;4;4; ;2;1;2;6;3;2;2;2;3;2;2;2;6;2;2;2;3;3;3;2;10
107989;1;1;1;1;1;5;1;1;5;5;1;1;1;4;4;3;1;5;5;1;1;1;1;4;2;1;998;30
107992;1;2;2;3;4;4; ;3;1;5;1;2;1;4;4;3;1;4;5;4;1;1;1;1;1;4;10;5
108015;2;1;1;1;1;1;1;1;1;1;1;1;1;1;1;1;1;5;1;1;1;1;1;1;1;1;20;300
108066;1;2;2;3;5;3; ;4;2;3;6;3;2;3;4;4;2;2;2;6;3;2;3;4;3;4;1;20
108070;2;3;1;4;5;5; ;4;1;5;5;4;1;1;4;5;4;5;2;5;4;3;2;5;5;5;1;5
108084;3;2;1;2;2;3; ;1;1;4;1;3;3;4;4;4;1;4;4;1;1;1;3;1;3;3;3;500
108145;1;1;1; ;1;5;1; ; ; ; ; ; ; ; ; ; ; ; ; ; ; ; ; ; ; ; ; 
108204;2;3;2;2;3;3;4;3;1;3;3;4;3;3;4;4;1;4;4;3;3;4;4;4;5;3;2;2
108228;4;1;3; ;3;4;3; ; ; ; ; ; ; ; ; ; ; ; ; ; ; ; ; ; ; ; ; 
108280;4;3;5; ;5;5;3; ; ; ; ; ; ; ; ; ; ; ; ; ; ; ; ; ; ; ; ; 
108288;1;1;1; ; ; ; ; ; ; ; ; ; ; ; ; ; ; ; ; ; ; ; ; ; ; ; ; 
108324;4;8;5; ; ; ; ; ; ; ; ; ; ; ; ; ; ; ; ; ; ; ; ; ; ; ; ; 
108332;1;1;1;1;1;1;1;2;1;2;6;1;2;4;4;4;1;1;1;6;1;2;2;4;2;4;2;100
108344;2;1;1;4;5;5;3;4;4;2;5;3;3;4;3;4;1;2;1;5;1;1;2;4;4;4;1;100
108349;2;1;5;1; ; ; ;1;1;1;2;3;1;2;1;1;4;4;4;4;5;4;4;4;5;4;15;0
108412;3;1;1;1;1;3;3;2;2;3;3;3;3;3;3;4; ; ; ; ; ; ; ; ; ; ;1; 
108422;1;5;1;1;3;5;4;2;2;1;5;2;2;1;5;5;1;2;2;5;4;4;3;5;5;5;16;120
108432;2;2;2;3;5;5; ;3;3;3;6;4;5;3;3;3; ; ; ; ; ; ; ; ; ; ;1; 
108530;1;2;5; ;5;5;2; ; ; ; ; ; ; ; ; ; ; ; ; ; ; ; ; ; ; ; ; 
108556;1;1;5; ;5;5; ; ; ; ; ; ; ; ; ; ; ; ; ; ; ; ; ; ; ; ; ; 
108583;3;1;1;1; ; ; ;1;2;5;1;2;1;1;4;4;1;2;5;1;1;2;1;2;1;1;50;998
108622;4;5;1;4;5;5;1;3;3;5;1;1;3;3;4;4;1;1;5;1;1;4;4;4;1;2;4;50
108645;1;2;5;2;2;2;1;2;2;2;1;1;2;2;2;3; ; ; ; ; ; ; ; ; ; ;3; 
108671;2;1;1;1;4;5;4;1;2;4;5;4;3;5;3;2;1;4;4;5;4;4;4;4;2;2;6;200
108710;1;4;5; ;5;5; ; ; ; ; ; ; ; ; ; ; ; ; ; ; ; ; ; ; ; ; ; 
108740;2;3;1;2;3;2;3;1;1;2;1;1;5;5;2;2;1;5;4;1;1;8;1;1;5;5;4;200
108752;4;4;3;3;3;2;2;2;3;4;6;3;3;3;4;5;4;3;5;6;4;4;4;5;5;4;2;0
108777;2;1;1;1;2;3;1;2;1;4;5;2;2;2;3;3;1;1;4;5;1;1;2;3;2;1;5;50
108813;4;4;5; ;5;4; ; ; ; ; ; ; ; ; ; ; ; ; ; ; ; ; ; ; ; ; ; 
108846;1;1;1;1;5;2;1;1;2;3;5;5;3;1;3;4;1;2;3;5;2;2;2;3;3;3;5;100
108848;2;1;1;1;1;5; ;1;1;3;1;1;1;5;8;8;1;5;3;1;1;1;5;5;5;5;25;150
108870;2;3;5; ;3;3;1; ; ; ; ; ; ; ; ; ; ; ; ; ; ; ; ; ; ; ; ; 
108919;2;2;1;5;5;5; ;3;3;4;1;4;3;4;3;4;4;3;4;3;1;4;4;3;3;4;10;200
108920;1;1;1;1;1;2;1;2;2;2;2;3;1;1;3;3;1;1;1;1;1;1;1;3;3;1;4;200
108978;4;2;5; ;5;5; ; ; ; ; ; ; ; ; ; ; ; ; ; ; ; ; ; ; ; ; ; 
109046;1;5;1;1;1;5;3;1;1;3;3;1;1;3;3;3;1;2;3;3;3;1;1;3;3;3;5;150
109076;1;1;1;1;3;4;4;1;1;1;5;3;3;3;2;3;1;1;1;5;1;1;2;2;3;4;5;60
109115;3;3;5;5;2;2;2;5;4;5;5;5;4;4;5;5; ; ; ; ; ; ; ; ; ; ;1; 
109125;1;5;1;1;1;4;4;3;1;1;5;4;1;3;3;4;1;1;1;5;1;1;1;1;3;5;1;10
109131;3;3;5; ; ; ; ; ; ; ; ; ; ; ; ; ; ; ; ; ; ; ; ; ; ; ; ; 
109157;2;1;1;1;1;1;2;1;1;1;1;2;1;1;1;3;1;2;2;1;1;1;1;1;3;3;10;200
109161;2;3;5; ;5;4;4; ; ; ; ; ; ; ; ; ; ; ; ; ; ; ; ; ; ; ; ; 
109176;3;5;1;1;1;5; ;2;2;1;1;5;3;3;2;5;1;3;1;1;3;3;3;4;4;4;4;60
109219;2;3;2; ;3;5;4; ; ; ; ; ; ; ; ; ; ; ; ; ; ; ; ; ; ; ; ; 
109240;1;4;1;1;1;1;2;1;2;2;1;3;4;2;4;4;1;3;3;1;5;4;4;4;5;4;30;4
109253;3;2;1;1;2;4;4;2;1;1;5;2;2;2;4;4;1;4;4;5;2;2;5;4;2;5;17;37
109289;1;2;5; ;3;2;3; ; ; ; ; ; ; ; ; ; ; ; ; ; ; ; ; ; ; ; ; 
109290;3;1;1;1;2;4; ;2;1;2;5;3;1;2;2;3;1;1;4;5;1;2;2;2;3;4;10;4
109292;4;5;4;4;5;4;3;4;3;4;5;5;3;3;5;5;4;3;4;5;4;3;3;5;5;5;2;1
109304;1;2;1;2;5;3; ;1;1;2;2;2;2;1;2;4;1;2;2;2;1;2;1;2;4;2;15;350
109310;3;2;5; ;4;1;4; ; ; ; ; ; ; ; ; ; ; ; ; ; ; ; ; ; ; ; ; 
109321;1;1;5; ; ; ; ; ; ; ; ; ; ; ; ; ; ; ; ; ; ; ; ; ; ; ; ; 
109379;1;1;5; ;5;4;3; ; ; ; ; ; ; ; ; ; ; ; ; ; ; ; ; ; ; ; ; 
109496;2;5;1;2;4;2;1;3;1;2;3;4;1;3;4;4;1;1;2;1;1;2;4;4;4;1;3;20
109497;1;3;1;1;5;5;1;4;2;3;1;5;2;3;4;4;1;2;3;1;2;2;2;3;4;3;4;400
109565;2;3;1;2;2;2;3;2;1;2;1;1;1;3;4;4;1;2;2;1;1;1;1;1;4;5;15;25
109567;2;2;1;1;1;5;1;2;4;4;1;2;4;3;3;5;1;3;3;1;1;4;4;4;4;4;1;100
109575;3;4;2;3;4;4;1;2;2;4;3;4;2;3;2;4;1;1;2;2;1;2;3;3;3;4;7;150
109617;2;5;1;3;2;1;1;1;2;4;1;5;2;3;2;4;1;5;4;1;2;2;3;3;3;3;1;400
109638;4;1;5; ;1;1;1; ; ; ; ; ; ; ; ; ; ; ; ; ; ; ; ; ; ; ; ; 
109686;3;4;5;4;4;4;3;4;4;4;5;4;4;4;4;4; ; ; ; ; ; ; ; ; ; ;1; 
109706;2;1;1;1;5;5;1;1;3;4;5;1;3;3;3;2;1;5;5;5;1;3;3;2;2;1;5;70
109729;3;3;5; ;1;4;2; ; ; ; ; ; ; ; ; ; ; ; ; ; ; ; ; ; ; ; ; 
109769;2;2;2;3;3;2;1;3;1;5;6;4;3;3;5;5;1;5;5;6;4;4;5;5;4;4;5;15
109775;1;2;5; ;5;3;3; ; ; ; ; ; ; ; ; ; ; ; ; ; ; ; ; ; ; ; ; 
109795;1;5;1;1;1;5;1;1;1;2;1;1;1;1;1;2;1;1;5;1;1;1;1;1;1;1;20;150
109814;1;5;4;4;4;4;2;5;1;3;5;4;1;1;1;3;1;1;1;5;2;1;1;1;3;3;4;20
109848;1;1;1;1;3;3;3;2;4;3;4;2;2;2;4;4;1;4;1;3;3;4;4;4;3;3;10;10
109851;1;3;1;1;2;2;2;1;2;5;3;3;2;2;1;5;1;2;5;1;1;2;2;3;3;5;5;998
109859;2;1;2;3;2;5; ;3;3;4;5;3;4;4;4;5;3;4;3;5;4;4;4;5;5;5;1;2
109902;3;4;5;4;1;4; ;3;3;4;4;4;3;1;2;4; ; ; ; ; ; ; ; ; ; ;2; 
109919;2;5;2;3;1;4;1;3;1;3;5;4;3;4;3;4;1;3;3;5;1;3;2;2;3;5;1;300
109936;1;2;2;2;4;4;2;3;3;3;3;4;4;5;3;4;4;4;4;4;4;4;5;4;5;5;2;10
109960;2;3;1;3;2;3;3;3;2;4;2;4;4;4;4;4;2;4;4;2;3;4;3;5;4;4;2;50
109983;3;1;5;1;2;4;3;1;2;1;1;2;1;2;1;3; ; ; ; ; ; ; ; ; ; ;50; 
110003;3;2;5;5; ; ; ;5;2;5;6;2;1;1;5;2; ; ; ; ; ; ; ; ; ; ;998; 
110006;1;1;5; ;5;3; ; ; ; ; ; ; ; ; ; ; ; ; ; ; ; ; ; ; ; ; ; 
110020;3;3;1;1;1;1;1;2;1;1;5;1;2;2;3;3;1;1;2;5;1;2;2;3;1;1;6;350
110022;2;2;1;2; ; ; ;1;1;1;1;1;5;5;3;5;1;1;1;1;1;1;5;1;5;5;998;998
110041;2;5;1;2;1;5; ;1;2;3;1;3;2;3;3;4;1;3;3;1;1;2;2;1;3;3;3;300
110080;3;2;2;2;2;3; ;4;3;3;4;3;4;4;3;4;1;1;2;4;3;3;4;1;3;4;3;19
110106;3;3;1;1;2;4;2;3;2;3;1;4;3;3;4;4;1;2;4;1;1;3;3;4;4;3;2;300
110111;1;1;1;1;1;2;1;1;3;3;1;1;2;1;4;3;1;4;5;3;1;3;1;4;3;3;10;100
110116;1;2;5;2;3;4;4;3;2;5;2;3;2;3;3;4; ; ; ; ; ; ; ; ; ; ;2; 
110131;3;8;5; ;3;2; ; ; ; ; ; ; ; ; ; ; ; ; ; ; ; ; ; ; ; ; ; 
110138;1;3;1;2;2;3;2;2;2;2;2;3;2;3;3;3;2;3;3;2;2;2;2;3;4;4;25;50
110177;3;2;1;2;1;1;1;3;1;5;5;1;5;3;2;4;1;2;5;5;1;4;4;2;4;2;200;100
110306;3;2;1;2;5;4; ;3;2;3;6;2;4;5;4;4;1;1;4;6;2;5;5;4;4;4;2;30
110328;5;5;5; ;5;5; ; ; ; ; ; ; ; ; ; ; ; ; ; ; ; ; ; ; ; ; ; 
110357;2;1;1;1;4;4;3;2;2;2;6;3;2;3;4;4;1;2;2;6;3;2;3;4;4;2;10;250
110375;1;2;5; ;5;5; ; ; ; ; ; ; ; ; ; ; ; ; ; ; ; ; ; ; ; ; ; 
110383;2;3;5;5;5;5; ;4;4;5;5;4;4;5;5;5;4;4;5;5;4;5;5;5;5;5;2;1
110388;1;1;1;1;2;1;5;1;3;5;5;1;4;5;4;3;1;5;5;5;1;3;4;5;4;5;15;500
110396;2;4;1;1;5;4;3;1;2;4;1;4;2;3;3;4;1;5;4;1;4;3;3;3;4;3;2;200
110408;1;1;1;1;1;5;2;1;2;4;1;1;2;1;2;2;1;2;3;1;1;2;4;2;1;1;15;200
110428;1;1;1;3;5;5;1;2;1;5;6;4;2;1;4;4;1;1;4;6;1;1;1;1;1;1;4;400
110435;2;1;1;1;5;5;3;3;2;3;5;3;3;3;2;5;1;1;3;5;3;2;2;2;5;3;3;20
110440;1;1;2;2;2;3;2;1;1;3;3;3;3;3;3;3;1;4;1;3;3;4;4;3;3;3;4;15
110444;3;1;1;2;3;2;2;2;1;3;5;3;2;2;3;4;1;1;3;5;2;1;4;5;4;4;10;300
110448;2;1;1;1;1;4; ;2;1;2;2;1;1;2;3;4;1;1;3;2;1;1;2;3;4;3;3;20
110454;2;1;1;1;2;5; ;3;1;5;1;5;3;5;3;5;1;2;5;1;1;2;5;5;5;2;2;300
110535;4;5;1;1;5;5;5;2;2;4;6;2;3;4;5;1;1;2;2;6;1;2;2;5;1;2;5;300
110582;3;1;1;1;5;3; ;1;4;4;6;4;1;3;4;4;1;1;1;6;1;1;1;1;4;4;2;30
110593;1;1;1;1;1;1;2;1;5;5;1;3;1;2;4;1;1;5;5;1;1;5;1;5;1;1;7;18
110621;3;5;1;1;2;4;2;1;2;5;5;4;3;3;3;4;1;3;5;5;4;3;3;3;4;4;3;6
110728;2;2;1;2;5;2;2;1;1;2;2;1;4;3;3;2;1;2;2;1;2;4;4;3;3;3;10;15
110729;1;1;2; ;1;2;1; ; ; ; ; ; ; ; ; ; ; ; ; ; ; ; ; ; ; ; ; 
110775;4;2;2;4;2;4;4;4;2;3;5;4;3;4;1;4;3;5;3;5;3;3;5;4;4;5;2;6
110794;2;5;1;1;1;1;1;1;2;1;1;3;3;3;5;4;1;1;1;1;3;4;3;5;5;5;50;200
110834;1;3;2;3;5;3;2;3;2;3;5;3;2;2;1;3;1;5;3;5;3;2;1;2;3;5;2;5
110836;3;4;5; ;5;4; ; ; ; ; ; ; ; ; ; ; ; ; ; ; ; ; ; ; ; ; ; 
110854;3;1;1;2;1;5;2;3;2;2;1;2;1;1;4;3;1;2;1;1;2;1;1;4;3;2;20;60
110856;3;3;1;3;2;4;5;4;2;4;2;4;3;3;4;4;1;2;5;2;2;3;3;4;5;4;3;10
110917;3;2;5; ;3;1; ; ; ; ; ; ; ; ; ; ; ; ; ; ; ; ; ; ; ; ; ; 
110928;2;2;5; ;2;5;2; ; ; ; ; ; ; ; ; ; ; ; ; ; ; ; ; ; ; ; ; 
110936;4;4;5;4;5;5; ;4;3;5;5;4;5;5;5;5; ; ; ; ; ; ; ; ; ; ;1; 
110976;3;2;5; ;2;3;4; ; ; ; ; ; ; ; ; ; ; ; ; ; ; ; ; ; ; ; ; 
110977;1;1;1;3;1;1;4;2;1;1;1;2;1;1;2;2;1;1;1;1;1;2;1;2;1;1;20;500
110996;1;3;1;3;5;3;3;3;4;4;1;4;4;3;1;3;1;4;4;1;1;1;1;3;3;1;2;150
111059;2;2;1;1;2;5;1;1;3;2;1;1;2;4;3;4;1;2;4;1;1;2;2;2;4;1;20;300
111060;1;3;5; ; ; ; ; ; ; ; ; ; ; ; ; ; ; ; ; ; ; ; ; ; ; ; ; 
111063;3;2;2;5;2;5; ;3;3;5;1;2;3;4;4;4;1;5;5;1;1;5;4;3;5;3;5;10
111072;1;3;1;4;5;5;4;5;1;5;5;5;1;2;5;3;1;1;3;1;2;1;1;2;1;1;3;40
111107;1;4;3;2;5;5;4;2;2;3;5;4;4;4;4;2;2;2;3;5;4;4;4;3;4;8;2;4
111128;1;4;1;1;1;5;1;1;2;3;3;4;1;2;5;4;2;3;4;4;5;4;4;5;4;3;6;10
111179;1;4;1;1;5;5;4;2;1;4;5;5;2;5;4;5;1;3;4;5;1;2;5;4;4;4;5;50
111186;3;3;3;2;3;4;3;3;3;3;4;3;3;3;3;4;3;2;3;4;4;3;3;3;4;4;17;50
111190;3;2;1;1;3;5;4;2;2;4;2;4;2;4;4;4;1;4;4;2;1;4;4;4;4;3;5;60
111199;3;4;3;4;5;5; ;4;4;4;5;5;4;4;4;5;4;4;4;4;4;4;4;4;4;4;0;0
111237;1;1;5;5;5;5;5;5;5;5;5;5;5;5;5;5; ; ; ; ; ; ; ; ; ; ;0; 
111250;1;4;1;1;3;5;2;2;2;3;5;4;3;4;4;4;1;4;1;2;1;2;2;4;2;4;10;100
111278;1;4;1;1;4;3;1;3;2;4;6;4;4;2;1;3;1;2;4;6;1;2;4;1;4;4;3;200
111295;2;2;1;2;1;2;2;4;2;2;1;2;2;1;4;4;1;4;5;1;1;2;1;5;4;4;10;150
111318;2;4;1;1;1;2;2;1;3;3;1;1;3;4;4;3;1;3;3;1;1;3;4;4;3;3;10;124
111391;1;2;1;2;1;4;1;1;2;3;1;4;2;2;4;4;1;4;4;1;4;2;2;3;4;5;2;200
111421;1;1;5; ;4;5; ; ; ; ; ; ; ; ; ; ; ; ; ; ; ; ; ; ; ; ; ; 
111425;1;5;1;1;2;3;1;1;2;3;6;3;2;1;4;2;1;2;5;6;1;2;1;1;1;1;20;500
111464;4;4;1;2;2;3;2;1;2;4;1;1;1;5;1;1;1;3;4;3;1;1;5;1;1;1;15;500
111505;1;2;1;2;3;4;1;2;3;4;2;5;4;3;4;4;1;5;4;2;1;3;2;5;1;3;3;30
111522;2;3;1;3;2;2;2;3;3;4;6;4;3;3;3;4;1;3;4;6;2;2;3;2;4;4;1;20
111528;3;4;1;3;5;3;3;4;4;4;5;2;1;4;4;3;1;1;3;5;2;2;3;3;1;4;3;500
111538;1;4;1;1;5;5;5;1;2;3;1;1;2;3;3;3;1;2;3;1;1;1;1;1;2;2;2;10
111560;3;5;1;4;4;3;3;3;2;5;5;4;3;3;4;4;2;5;5;5;3;3;3;2;4;4;1;3
111633;3;2;1;1;3;4;2;2;4;4;6;3;4;4;4;3;1;2;5;6;1;4;4;5;2;4;1;150
111661;3;4;5;5;5;4; ;5;4;5;5;5;1;5;5;5; ; ; ; ; ; ; ; ; ; ;2; 
111720;1;1;1;1;1;2;1;1;2;2;1;2;2;2;2;3;1;2;5;1;1;2;2;1;2;2;8;70
111733;1;1;1; ;2;1;1; ; ; ; ; ; ; ; ; ; ; ; ; ; ; ; ; ; ; ; ; 
200006;1;2;3;2;5;4;3;1;1;1;3;3;3;4;1;4;1;1;1;1;2;4;4;4;4;5;10;25
200026;2;3;2;1;5;5;1;2;2;6;5;4;3;4;4;4;2;5;6;5;5;4;4;4;5;4;2;3
200027;2;2;1;2; ; ; ;3;3;4;4;4;4;3;3;4;2;4;5;4;4;4;4;4;3;4;1;10
200029;5;5;1;4;5;5;2;5;1;4;5;4;2;2;5;5;1;5;4;5;1;2;2;5;1;4;2;100
200061;2;1;3; ;2;5; ; ; ; ; ; ; ; ; ; ; ; ; ; ; ; ; ; ; ; ; ; 
200063;1;1;1;1;2;3;1;1;1;3;1;4;3;2;5;3;1;3;4;1;2;3;2;3;3;2;15;500
200071;4;4;1;4;4;4;3;4;5;5;2;4;5;5;5;5;1;4;5;1;5;5;5;5;4;4;0;50
200085;1;1;1; ;1;1;1; ; ; ; ; ; ; ; ; ; ; ; ; ; ; ; ; ; ; ; ; 
200120;3;3;3;2;3;3;3;3;2;2;2;3;2;1;1;2;3;3;3;3;3;3;3;3;3;3;5;5
200154;4;3;5; ;1;1;1; ; ; ; ; ; ; ; ; ; ; ; ; ; ; ; ; ; ; ; ; 
200155;4;1;4;1;4;1;3;1;1;4;6;2;2;1;5;3;3;4;3;6;4;1;2;5;3;4;10;20
200178;1;2;5; ;5;4;4; ; ; ; ; ; ; ; ; ; ; ; ; ; ; ; ; ; ; ; ; 
200271;3;3;5;3;5;3; ;4;3;5;6;4;5;4;4;4; ; ; ; ; ; ; ; ; ; ;1; 
200278;2;5;1;1;5;3;3;1;1;3;4;4;3;3;2;4;1;1;3;4;3;2;2;1;4;4;10;50
200358;1;1;1; ;2;2;2; ; ; ; ; ; ; ; ; ; ; ; ; ; ; ; ; ; ; ; ; 
200379;2;5;5;1;2;1;2;1;2;3;1;1;2;3;1;1; ; ; ; ; ; ; ; ; ; ;30; 
200414;3;2;1;2;3;5;1;2;1;2;1;1;2;2;2;1;1;2;2;1;1;1;2;2;1;1;6;50
200436;1;3;1;1;4;4;1;1;2;4;2;4;1;1;1;3;4;4;4;1;2;2;2;4;3;3;3;25
200472;1;5;1;1;5;5;1;1;1;1;1;3;3;4;5;3;1;1;1;1;5;1;1;5;5;3;20;50
200527;1;1;1;1;2;4;3;1;2;4;2;2;2;2;2;1;1;5;5;1;1;1;2;2;1;2;10;200
200572;4;4;4; ;5;5;5; ; ; ; ; ; ; ; ; ; ; ; ; ; ; ; ; ; ; ; ; 
200580;1;5;1;1;2;3;2;1;1;1;1;1;1;3;4;3;1;3;3;1;1;2;3;4;3;3;10;50
200584;2;1;1; ;3;4;1; ; ; ; ; ; ; ; ; ; ; ; ; ; ; ; ; ; ; ; ; 
200606;2;5;2;5;5;5;5;4;2;4;6;4;4;3;5;5;3;4;4;6;1;1;1;5;5;4;5;20
200657;2;5;5;4;5;2;2;4;3;5;5;4;4;5;5;5; ; ; ; ; ; ; ; ; ; ;1; 
200698;2;2;2;2;2;4;2;1;1;3;1;2;2;2;2;1;1;1;3;1;1;2;2;2;1;2;4;200
200719;3;3;5;3;5;4;4;3;1;4;4;2;1;4;4;2; ; ; ; ; ; ; ; ; ; ;5; 
200723;3;5;2;2;5;4; ;3;3;3;5;4;3;3;5;4;3;4;3;5;3;4;3;5;5;4;1;5
200735;3;5;1;1;4;4;3;1;2;3;1;2;3;2;3;3;2;5;3;2;1;5;5;5;3;2;15;25
200785;1;5;2;1;3;2;5;3;2;1;1;3;1;3;5;5;1;5;3;1;3;1;3;5;5;3;500;300
200798;4;4;2;4;5;5; ;4;2;4;5;3;3;4;5;4;3;3;4;5;3;3;3;5;4;5;2;3
200816;2;2;2;2;1;4;2;3;2;3;3;3;3;3;3;3;1;4;5;1;1;3;3;5;3;3;3;5
200879;1;1;1;1;1;2;1;1;1;1;1;1;1;2;5;1;1;1;1;1;1;2;2;2;1;1;80;200
200902;1;5;1;1;1;5;1;1;1;1;1;4;4;1;1;1;1;1;1;1;4;4;1;1;1;1;30;100
200912;1;2;5; ;2;5;2; ; ; ; ; ; ; ; ; ; ; ; ; ; ; ; ; ; ; ; ; 
200913;3;4;1;3;5;5;3;2;3;3;6;2;2;2;5;5;1;2;2;6;1;2;4;4;3;5;2;30
200949;3;1;2;3;4;5;4;4;4;4;4;3;2;4;4;5;1;2;1;1;3;2;2;4;4;4;2;50
200996;2;5;1;1;1;5;1;3;2;5;3;3;3;3;5;3;3;4;5;2;2;3;3;5;3;3;20;100
201052;1;1;1;1;1;4; ;1;2;2;1;1;1;1;1;1;1;2;2;1;1;1;1;1;1;1;50;200
201128;2;1;1; ;3;3;2; ; ; ; ; ; ; ; ; ; ; ; ; ; ; ; ; ; ; ; ; 
201137;2;3;1;1;2;5; ;2;1;2;2;3;3;4;4;4;1;4;5;1;2;4;4;3;4;4;15;50
201144;1;2;1;2;1;5;2;4;2;5;5;5;2;1;5;5;2;2;5;2;4;2;2;5;5;4;4;20
201170;2;3;5;3;5;4; ;4;3;3;5;4;5;4;4;5; ; ; ; ; ; ; ; ; ; ;1; 
201171;1;1;2; ;1;2;1; ; ; ; ; ; ; ; ; ; ; ; ; ; ; ; ; ; ; ; ; 
201223;3;1;1; ;1;3;3; ; ; ; ; ; ; ; ; ; ; ; ; ; ; ; ; ; ; ; ; 
201229;1;1;1;1;1;4;1;1;1;2;5;2;1;2;2;3;1;2;2;5;1;1;1;1;2;1;7;100
201241;3;3;2;3;2;4;2;3;1;1;2;3;1;4;4;4;1;1;1;1;2;2;2;3;2;3;10;100
201262;1;5;5; ;1;3;5; ; ; ; ; ; ; ; ; ; ; ; ; ; ; ; ; ; ; ; ; 
201355;3;2;1;1;2;4;3;1;2;2;1;2;2;2;2;2;1;2;2;1;1;2;2;2;1;1;1;500
201387;3;3;1;3;5;5;3;3;2;4;5;4;2;3;4;4;1;4;4;5;1;3;4;4;5;4;2;40
201425;5;2;1;1;5;5;5;1;1;1;1;1;5;5;1;1; ; ; ; ; ; ; ; ; ; ;8; 
201544;1;1;1;1;2;1;1;1;2;3;2;3;2;4;3;3;1;1;5;1;1;1;2;5;2;3;6;50
201556;1;4;1;1;1;1;1;1;1;5;1;1;1;2;5;3;1;1;5;1;1;1;1;5;5;5;15;140
201559;2;3;3;3;5;5; ;4;1;2;5;4;2;2;4;5;4;2;4;5;1;1;4;4;5;5;2;3
201606;1;1;1; ;2;5;2; ; ; ; ; ; ; ; ; ; ; ; ; ; ; ; ; ; ; ; ; 
201627;5;3;5; ;5;5; ; ; ; ; ; ; ; ; ; ; ; ; ; ; ; ; ; ; ; ; ; 
201658;2;4;1;2;1;3; ;2;2;5;4;3;4;4;2;4;1;4;4;3;3;4;4;4;4;4;2;20
201667;2;4;1;1;3;4;2;1;1;2;5;4;4;3;4;4;1;1;1;5;1;2;2;4;2;3;5;100
201686;3;2;1;2;2;2;2;3;1;1;6;1;2;5;1;4;1;1;1;6;3;1;3;2;4;4;3;200
201698;1;1;1;1;2;5;2;2;2;5;3;2;2;3;5;3;1;2;2;1;1;2;3;5;3;1;12;100
201701;1;1;1;1;3;1;1;2;2;4;3;5;3;4;5;5;1;1;2;1;5;1;5;5;1;1;5;100
201738;1;4;5; ;5;5;3; ; ; ; ; ; ; ; ; ; ; ; ; ; ; ; ; ; ; ; ; 
201765;2;2;1;1;5;5;5;2;2;5;5;2;5;5;1;2;2;5;5;5;1;5;5;1;5;5;2;4
201860;4;3;1;3;2;3;1;1;1;1;5;3;3;4;3;3;1;1;1;5;1;4;4;5;3;3;7;200
201871;2;1;1;1;2;3;2;3;3;4;5;3;3;3;4;4;3;3;4;5;3;3;3;4;4;4;2;20
201904;1;3;1;1;1;1;1;1;1;1;1;1;1;1;3;1;1;1;1;1;1;1;1;3;1;1;50;400
201906;2;4;5; ;1;5;5; ; ; ; ; ; ; ; ; ; ; ; ; ; ; ; ; ; ; ; ; 
201912;2;2;1;2;4;5;4;1;2;4;1;4;4;4;4;4;1;3;4;1;1;3;4;3;4;4;5;100
201919;1;1;1;1;5;5;1;2;2;3;5;3;3;4;5;4;2;4;4;5;3;3;3;5;3;2;2;200
201932;1;5;5; ;5;5; ; ; ; ; ; ; ; ; ; ; ; ; ; ; ; ; ; ; ; ; ; 
202006;3;1;1;1;1;3; ;1;2;3;5;3;1;2;3;3;1;1;3;5;1;1;1;3;3;5;10;5
202064;2;2;1;1;3;5; ;1;3;5;6;1;3;3;3;2;1;3;5;6;1;3;3;3;3;3;1;20
202107;1;3;1;2; ; ; ;3;1;5;1;3;1;4;5;3;1;4;3;1;1;4;5;5;3;1;10;500
202111;1;5;1;1;1;5;1;2;1;5;2;5;2;2;5;5;1;2;4;1;1;2;2;2;2;1;4;200
202115;4;3;1;1;1;1;1;3;4;3;1;1;3;1;4;3;1;5;1;1;1;3;3;4;1;1;5;300
202120;2;1;1;1;1;5;2;2;2;3;1;3;2;3;3;4;1;5;3;1;1;4;4;4;2;3;15;500
202124;4;1;1;3;5;5; ;3;2;2;6;4;2;3;4;4;1;3;4;6;1;4;3;4;3;4;5;998
202127;2;3;5; ;5;5; ; ; ; ; ; ; ; ; ; ; ; ; ; ; ; ; ; ; ; ; ; 
202128;2;5;1;2;5;5;1;3;3;4;4;5;3;3;3;5;2;3;4;4;4;3;3;3;4;5;1;5
202147;4;2;5;3;5;2;2;3;4;5;4;4;4;4;5;5;4;5;5;4;5;5;5;5;4;4;2;1
202209;4;5;2;3;3;2;2;4;1;1;6;3;1;4;4;1;1;4;4;6;1;4;4;4;4;1;25;15
202266;1;5;1;1;4;4;1;3;2;3;2;5;1;1;4;5;1;2;4;1;2;2;2;4;4;4;2;300
202269;1;5;1;1;2;5;2;1;2;5;1;3;3;3;2;3;1;2;2;1;1;3;3;2;3;2;9;100
202275;4;3;5; ;1;1;1; ; ; ; ; ; ; ; ; ; ; ; ; ; ; ; ; ; ; ; ; 
202314;3;2;1;2;1;5;1;2;2;2;2;2;3;3;4;3;1;2;2;1;1;3;4;4;3;3;6;200
202397;1;1;2;1;3;5; ;1;1;2;5;1;5;2;1;3; ; ; ; ; ; ; ; ; ; ;20; 
202406;3;1;2;3;3;1;1;3;2;4;2;4;3;4;5;4;2;5;4;4;3;4;4;5;5;5;3;7
202459;2;1;1;1;3;4;1;2;3;4;6;4;3;4;4;4;1;1;4;6;1;1;1;2;3;4;4;45
202475;2;3;1;1;5;3;3;2;2;3;2;3;2;3;3;4; ; ; ; ; ; ; ; ; ; ;3; 
202483;5;5;1;4; ; ; ;2;2;2;5;5;2;4;5;5;1;1;1;5;1;1;2;5;5;5;1;60
202491;1;1;1;1;2;2;3;2;1;2;2;5;4;3;4;4;1;1;2;1;4;3;3;4;5;1;5;10
202614;3;5;5; ; ; ; ; ; ; ; ; ; ; ; ; ; ; ; ; ; ; ; ; ; ; ; ; 
202626;2;2;1;2;5;5; ;3;3;4;3;3;4;5;4;4;1;4;5;5;1;5;5;5;4;4;6;500
202657;4;1;3;1; ; ; ;1;2;2;5;2;2;4;2;3; ; ; ; ; ; ; ; ; ; ;4; 
202675;3;3;1;1;5;5; ;3;2;4;3;3;3;3;2;3;2;2;2;2;2;2;2;2;2;2;12;12
202681;5;4;5;4; ; ; ;4;4;5;4;4;4;4;5;5;4;4;5;4;4;4;4;5;5;5;5;998
202709;1;1;1;1;1;1;1;1;1;1;1;1;1;3;5;5;1;1;1;1;5;1;5;5;4;1;10;50
202725;1;1;1;2;4;3; ;1;2;4;1;3;5;5;5;3;1;1;1;1;1;1;1;1;1;1;6;500
202784;1;1;1;1;1;1;1;1;5;1;1;1;1;1;1;1;1;1;1;1;1;1;1;1;1;1;500;500
202815;4;3;5;2;5;2;2;3;1;3;3;3;2;1;3;3;5;1;3;3;4;1;3;4;4;3;6;2
202835;1;1;1;1;3;3;1;2;2;2;4;4;2;4;4;4;3;1;1;4;1;1;4;4;4;4;10;50
202844;2;4;5;2;5;4;2;2;2;2;2;3;2;2;4;3;1;2;2;1;1;4;4;5;5;5;4;10
202896;1;3;5;3;3;5;3;4;2;2;4;4;2;5;5;5;4;2;3;4;4;4;5;5;5;5;1;1
202899;1;1;1;1;2;2;1;1;2;3;2;2;2;2;3;3;1;2;3;1;1;1;2;1;2;2;15;100
202935;3;4;5;3;5;5; ;4;3;5;5;4;2;2;5;5;4;5;5;5;4;5;5;5;4;5;1;5
202985;3;2;1;1;5;4; ;2;2;4;4;4;1;3;2;4;1;3;4;3;4;2;2;2;4;4;1;10
202995;3;4;1;1;2;4;1;1;1;1;1;1;1;3;3;1;1;1;1;1;1;1;1;4;1;1;20;100
203046;1;4;1;1;1;1;1;2;4;4;5;5;4;4;4;2;1;3;5;5;2;4;4;4;1;4;2;50
203078;1;1;1;1;2;3; ;2;1;2;2;2;2;4;5;5;1;5;5;1;2;5;3;5;5;5;2;100
203115;5;5;5; ;5;5;3; ; ; ; ; ; ; ; ; ; ; ; ; ; ; ; ; ; ; ; ; 
203136;2;3;4;1;5;4;4;2;3;4;3;4;4;3;4;5;4;4;5;4;4;4;4;5;5;4;2;1
203160;5;5;3;4;4;5; ;5;4;5;5;5;3;5;5;5;3;2;5;5;4;4;5;5;5;5;998;998
203198;3;3;3;3;1;3;3;3;3;4;4;4;4;4;4;4;3;4;4;4;4;4;4;4;4;4;1;5
203205;3;5;4; ;4;5; ; ; ; ; ; ; ; ; ; ; ; ; ; ; ; ; ; ; ; ; ; 
203216;3;2;3; ;4;2; ; ; ; ; ; ; ; ; ; ; ; ; ; ; ; ; ; ; ; ; ; 
203299;3;5;1;1;4;4;1;4;1;1;5;1;2;4;4;4;1;1;1;5;1;2;4;4;3;4;10;100
203316;2;4;1;1;1;1;3;1;3;3;3;3;3;1;4;4;1;4;1;1;1;3;4;3;4;1;5;150
203322;3;5;4;4;4;5; ;3;3;3;6;4;1;5;4;4;4;2;4;6;4;2;4;4;4;5;2;3
203405;1;5;1;1;1;3;1;1;2;2;1;2;2;1;3;4;1;1;1;1;1;1;1;3;3;1;15;500
203429;3;1;1;4;3;5;4;3;4;5;2;5;4;5;5;5;3;5;5;5;4;4;5;5;5;5;4;5
203438;3;3;5; ;5;5;3; ; ; ; ; ; ; ; ; ; ; ; ; ; ; ; ; ; ; ; ; 
203448;2;2;1;1; ; ; ;3;3;2;6;3;5;4;3;1;1;1;3;6;1;5;4;3;3;4;3;200
203485;1;1;2;2;5;5;5;2;2;5;1;2;5;5;4;4;1;2;5;1;2;5;4;4;5;5;5;15
203514;2;5;1;3;5;4;2;2;2;6;3;4;2;2;4;5;1;2;6;2;1;2;2;4;2;2;10;225
203562;3;2;3;4; ; ; ;4;3;4;5;4;4;4;4;4;2;2;4;5;2;4;4;4;4;4;0;5
203585;3;8;2;8;5;3; ;4;3;3;5;3;3;3;5;5;3;1;3;5;3;3;3;5;5;5;998;20
203619;2;5;1;2; ; ; ;2;3;1;4;3;3;4;4;4;4;5;5;4;1;4;5;5;5;4;7;20
203643;2;3;5;3;5;4;4;3;2;4;4;3;3;4;4;4;4;4;4;5;5;3;3;5;5;5;3;1
203687;1;1;1;1;5;2;5;1;2;4;4;4;2;2;2;4;1;1;3;2;3;2;2;2;5;2;7;50
203711;1;3;5;1;4;1;1;1;1;2;2;2;1;2;5;3;3;5;3;3;4;4;3;5;5;5;10;2
203745;4;5;1;8;5;5; ;4;1;5;6;3;4;4;4;4;1;3;3;6;1;4;4;4;8;1;4;998
203750;3;3;1;3; ; ; ;3;3;3;6;3;4;3;4;4;1;2;5;6;4;4;4;4;3;3;5;100
203753;3;3;1;1;2;1;1;1;1;2;2;3;3;3;5;1;1;3;5;1;3;3;3;3;2;4;3;100
203798;1;2;1;1;4;5;4;1;1;1;1;2;1;1;3;3;1;1;1;1;1;1;1;4;4;1;15;90
203800;1;3;2;3;1;2; ;3;2;1;2;5;1;5;3;3;5;1;5;5;2;5;1;3;5;2;7;2
203809;1;1;1;1;2;1;1;1;1;2;5;3;1;1;2;2;1;2;5;5;2;2;1;2;3;1;10;250
203846;2;2;2;2;5;5; ;3;2;5;5;3;5;4;4;4;3;3;5;5;3;4;4;4;4;5;1;5
203850;3;4;1;1;5;4; ;3;5;5;6;3;5;5;5;5; ; ; ; ; ; ; ; ; ; ;2; 
203855;4;4;5; ;5;5;2; ; ; ; ; ; ; ; ; ; ; ; ; ; ; ; ; ; ; ; ; 
203870;4;3;1;3;5;5; ;3;1;2;5;2;2;3;4;4;1;3;5;5;2;3;3;3;5;5;20;40
203886;2;4;4;5;5;5;2;4;3;4;5;4;3;3;4;4; ; ; ; ; ; ; ; ; ; ;2; 
203921;2;5;1;2;1;5;1;1;2;4;3;4;4;4;4;3;1;4;4;1;1;4;4;4;3;3;2;80
203997;2;3;2;2;1;3;2;2;3;3;3;2;4;4;3;4;1;3;3;3;2;4;3;3;3;3;3;3
204009;4;1;1;1;1;5; ;1;3;1;3;1;1;5;2;2;1;5;3;3;1;2;5;3;3;5;13;25
204027;9;3;5;4;5;5; ;5;4;5;5;4;3;5;5;4; ; ; ; ; ; ; ; ; ; ;5; 
204069;2;1;2;1;4;1;1;1;2;5;5;1;2;2;5;4;1;2;5;5;1;2;2;5;1;2;7;3
204114;2;1;1;1;1;5;3;2;1;1;1;3;2;2;5;2;1;2;4;1;1;1;1;5;4;1;5;200
204140;4;5;1;1;1;1;1;1;3;6;2;1;1;5;5;5;1;3;6;1;1;3;5;5;5;5;35;30
204150;2;5;1;5;5;2;5;4;5;3;3;5;3;3;5;3;1;4;3;3;1;1;1;3;3;3;1;200
204207;2;5;5; ;5;4; ; ; ; ; ; ; ; ; ; ; ; ; ; ; ; ; ; ; ; ; ; 
204233;1;5;1;1;1;1;1;2;2;2;1;2;1;2;1;4;1;2;2;1;2;1;2;1;5;2;10;200
204242;1;1;1; ;1;2;1; ; ; ; ; ; ; ; ; ; ; ; ; ; ; ; ; ; ; ; ; 
204305;1;5;1;2;3;1;1;2;1;1;2;2;1;2;2;4;1;1;1;1;1;1;1;4;1;1;4;400
204369;1;5;1;1;3;5;3;1;2;2;1;2;1;1;5;1; ; ; ; ; ; ; ; ; ; ;10; 
204388;2;3;1;2;2;3;1;2;2;3;2;3;2;3;1;2;1;3;3;1;1;1;1;1;1;1;4;200
204401;3;1;1;1;5;5;4;1;1;2;5;1;2;5;2;1;1;1;2;6;1;4;5;2;1;1;20;500
204455;3;4;5; ;5;5;2; ; ; ; ; ; ; ; ; ; ; ; ; ; ; ; ; ; ; ; ; 
204502;3;5;3;3;5;4;5;3;3;3;5;4;3;3;3;4;3;4;3;3;3;3;3;3;4;4;3;12
204512;1;1;1;1;1;5;3;1;1;1;1;1;1;1;1;2;3;1;2;1;4;2;2;2;1;5;20;3
204539;2;3;1; ;5;5;5; ; ; ; ; ; ; ; ; ; ; ; ; ; ; ; ; ; ; ; ; 
204552;2;5;1;3;3;5;3;4;3;4;4;5;5;4;5;5;1;2;2;1;2;2;2;5;2;2;2;200
204557;1;5;1;1;5;5;1;2;1;2;1;5;2;3;4;5;1;2;2;1;1;2;4;5;5;4;4;200
204578;3;3;1;3;3;3;3;4;2;5;5;4;5;5;4;5;3;4;4;5;5;4;4;5;5;5;1;10
204584;2;2;5; ;5;3; ; ; ; ; ; ; ; ; ; ; ; ; ; ; ; ; ; ; ; ; ; 
204629;4;1;5;1;3;3;1;2;2;4;2;2;4;3;5;2; ; ; ; ; ; ; ; ; ; ;2; 
204651;1;1;1;1;4;4;4;1;3;1;1;3;3;2;5;2;1;2;1;1;1;1;3;3;2;2;20;200
204670;4;5;5; ;5;5; ; ; ; ; ; ; ; ; ; ; ; ; ; ; ; ; ; ; ; ; ; 
204713;1;1;2; ;1;1;1; ; ; ; ; ; ; ; ; ; ; ; ; ; ; ; ; ; ; ; ; 
204780;2;3;2;3;3;3;3;2;1;5;5;3;3;4;3;4;2;2;5;5;5;5;2;5;5;5;3;1
204848;2;2;1;2;1;4;2;1;2;2;4;3;2;2;4;4;1;4;3;3;1;1;1;4;3;3;10;250
204866;1;1;1;1;1;3;1;1;1;3;6;1;1;1;4;1;3;1;4;6;1;1;1;4;4;5;10;100
204942;3;3;2;3;3;3;3;3;2;4;5;5;3;3;4;5;3;4;4;5;4;4;4;5;5;5;1;1
204945;1;3;1;2;1;5; ;1;1;4;4;2;2;2;1;2;3;5;5;5;3;3;3;2;2;2;28;15
204973;1;3;1;1;1;5;1;2;2;5;1;3;4;4;5;5;1;4;4;1;1;4;4;5;5;4;30;100
204991;2;1;1;5;2;2;1;3;9;2;3;2;3;4;5;2;1;3;3;6;1;4;4;4;2;1;2;300
205002;4;1;1;4;1;1;1;2;1;5;5;2;2;5;5;5;1;5;5;5;1;2;2;2;2;5;5;100
205012;3;1;4; ;5;1;1; ; ; ; ; ; ; ; ; ; ; ; ; ; ; ; ; ; ; ; ; 
205041;3;1;1;1;5;5;2;1;1;2;2;4;3;3;5;5;3;5;5;5;2;1;1;1;1;5;7;100
205120;3;5;1;3;3;3;1;3;3;3;5;4;3;4;4;5;1;5;3;5;5;3;3;4;5;5;5;30
205143;2;5;2;3;5;5; ;3;1;3;3;3;3;4;5;4;3;3;4;3;4;5;5;5;5;5;6;3
205144;1;3;1;1;1;4;1;2;1;1;4;2;2;2;2;2;1;5;2;5;2;2;2;1;2;4;50;30
205158;1;5;2;2;2;2;2;1;1;3;3;5;1;1;3;5;1;1;1;1;5;1;1;3;3;3;3;10
205167;2;4;1;2;5;3; ;4;3;5;5;3;3;3;4;4;1;3;5;5;1;1;3;4;3;5;6;100
205212;1;1;1;1;3;3;2;2;2;5;1;1;1;2;3;4;1;5;5;1;1;2;2;3;3;5;4;300
205233;2;2;2;2;5;2;2;1;1;5;1;1;1;1;2;2;1;1;5;1;1;1;1;2;5;5;30;100
205287;2;1;1;1;4;1;1;1;1;3;1;1;3;3;3;1;1;1;3;1;3;1;3;3;1;8;1;50
205302;3;5;4; ;5;5;4; ; ; ; ; ; ; ; ; ; ; ; ; ; ; ; ; ; ; ; ; 
205314;1;1;1;1;2;2; ;1;1;4;1;4;1;3;4;4;1;1;3;1;1;1;1;4;4;4;3;998
205403;2;5;1;2;3;5;2;3;1;1;1;2;2;1;2;5;1;1;1;1;1;3;4;5;5;2;5;100
205407;1;2;5;1;5;5;1;1;4;3;3;1;1;1;4;4; ; ; ; ; ; ; ; ; ; ;15; 
205451;3;2;5;2;5;4; ;1;1;3;5;3;1;3;1;5; ; ; ; ; ; ; ; ; ; ;5; 
205488;1;5;1;1;5;5;3;3;2;4;2;5;5;5;5;5;1;2;3;1;1;2;5;5;5;4;998;998
205508;1;5;5; ;5;5;5; ; ; ; ; ; ; ; ; ; ; ; ; ; ; ; ; ; ; ; ; 
205509;1;2;5;1;5;2;1;2;2;2;5;3;3;3;4;4; ; ; ; ; ; ; ; ; ; ;20; 
205513;1;1;5;1; ; ; ;1;4;2;1;1;1;1;2;1;4;4;3;3;4;4;4;4;5;5;15;5
205541;1;5;1;1;1;5;3;1;2;3;5;3;1;2;4;4;1;2;3;5;1;2;2;3;4;3;7;7
205544;3;2;2;3;2;5;3;3;1;1;5;3;3;3;3;3;1;5;2;5;2;1;3;4;3;4;4;5
205562;3;4;1;1;5;5;4;2;1;2;6;2;2;4;4;4;1;5;5;6;1;5;5;5;5;3;10;100
205566;2;1;1;1;5;5; ;2;2;2;1;3;3;2;3;3;1;2;3;1;3;3;3;4;4;3;20;400
205593;1;2;5; ;5;5; ; ; ; ; ; ; ; ; ; ; ; ; ; ; ; ; ; ; ; ; ; 
205668;1;3;1;1;5;1;1;1;2;5;5;2;1;2;2;2;1;5;5;5;1;5;1;5;1;3;15;200
205694;1;3;5; ;5;3; ; ; ; ; ; ; ; ; ; ; ; ; ; ; ; ; ; ; ; ; ; 
205748;2;2;1;2;5;5;5;2;1;4;1;3;2;5;5;4;1;1;3;1;1;1;1;4;4;4;5;150
205750;1;3;3;3;5;5; ;4;2;2;5;2;5;5;4;5;4;4;5;5;5;5;5;5;5;4;2;3
205765;1;5;5; ;5;5; ; ; ; ; ; ; ; ; ; ; ; ; ; ; ; ; ; ; ; ; ; 
205768;3;3;1;3;1;5; ;4;1;5;5;3;4;5;3;3;1;1;5;5;1;5;5;4;4;4;7;70
205794;3;3;5; ;4;3;3; ; ; ; ; ; ; ; ; ; ; ; ; ; ; ; ; ; ; ; ; 
205890;1;5;5; ;5;5;5; ; ; ; ; ; ; ; ; ; ; ; ; ; ; ; ; ; ; ; ; 
205971;3;2;2;2;2;3;5;2;2;5;5;3;3;5;3;3;1;3;5;5;3;5;5;3;5;5;2;30
206015;3;2;2;3;1;4;2;3;3;3;2;4;3;3;3;4;2;4;4;1;3;3;3;4;4;4;2;10
206079;1;1;5; ;1;4;2; ; ; ; ; ; ; ; ; ; ; ; ; ; ; ; ; ; ; ; ; 
206153;1;3;1;1;2;2;3;1;1;2;5;2;2;4;3;3;1;2;2;5;4;2;3;5;4;4;15;40
206155;2;3;1;3; ; ; ;3;1;1;5;3;3;5;2;1; ; ; ; ; ; ; ; ; ; ;2; 
206225;2;1;1;1;1;5;5;2;1;1;1;2;4;4;3;4;1;1;1;1;1;1;4;3;5;5;15;20
206226;1;1;1;1;1;1;1;1;1;1;1;1;1;1;1;1;1;1;1;1;1;1;1;1;1;1;50;200
206229;1;1;1;1;5;3;1;1;2;3;1;2;2;2;5;4;1;2;4;1;1;2;1;5;1;1;20;500
206290;5;3;2;3;2;2;4;3;3;4;6;3;3;4;3;4;1;1;3;6;3;3;4;4;4;4;4;20
206364;2;3;5;3;5;3; ;3;3;3;5;5;5;3;4;5; ; ; ; ; ; ; ; ; ; ;2; 
206436;3;1;1;2;2;2;2;3;3;4;3;1;1;1;4;1;1;4;4;1;1;1;1;4;4;4;998;998
206446;3;5;5; ; ; ; ; ; ; ; ; ; ; ; ; ; ; ; ; ; ; ; ; ; ; ; ; 
206468;4;3;3;2; ; ; ;3;2;3;5;2;2;3;2;3; ; ; ; ; ; ; ; ; ; ;1; 
206474;1;1;1;1;4;5;4;2;2;2;1;3;1;3;2;1;1;1;2;3;4;1;5;4;1;3;5;500
206536;1;5;1;1; ; ; ;1;2;5;1;2;2;1;5;2;1;2;3;1;2;2;2;5;1;2;20;300
206553;1;3;5; ;5;5; ; ; ; ; ; ; ; ; ; ; ; ; ; ; ; ; ; ; ; ; ; 
206599;2;5;2;2;2;5;2;2;2;4;4;4;5;1;4;5;1;2;4;4;1;2;2;4;4;4;5;20
206617;1;2;1;1;1;5;1;1;1;1;1;3;1;1;1;3;1;4;4;1;1;1;1;1;3;3;10;15
206649;4;4;5;4;5;5;5;3;1;5;5;5;4;5;8;5; ; ; ; ; ; ; ; ; ; ;1; 
206676;2;5;1;1;1;4;3;1;1;1;1;3;3;3;4;3;1;3;5;3;1;5;3;5;5;3;10;5
206683;1;4;1;2;1;5;5;1;1;1;4;4;1;3;3;4; ; ; ; ; ; ; ; ; ; ;15; 
206686;1;2;2; ;1;1;1; ; ; ; ; ; ; ; ; ; ; ; ; ; ; ; ; ; ; ; ; 
206720;4;4;1;5;1;5;1;3;2;6;1;4;2;4;2;4;1;1;6;2;2;3;4;2;2;4;1;100
206765;2;1;5; ;1;1; ; ; ; ; ; ; ; ; ; ; ; ; ; ; ; ; ; ; ; ; ; 
206774;3;2;1;1;5;5; ;1;2;2;2;3;4;4;5;5;1;1;2;5;1;2;3;4;5;5;2;40
206906;5;3;1; ;1;5;3; ; ; ; ; ; ; ; ; ; ; ; ; ; ; ; ; ; ; ; ; 
206967;1;2;2;1;5;5;2;2;2;5;5;4;4;4;4;4;1;2;4;4;4;4;4;4;4;4;5;80
206969;1;1;1;1;2;3;3;1;1;4;5;2;2;2;3;3;1;1;2;4;1;2;2;4;2;4;10;75
206991;1;2;2;2;2;5; ;3;3;3;3;4;4;4;4;4;3;3;3;3;4;4;4;4;4;4;10;5
207022;2;2;5; ;4;3;3; ; ; ; ; ; ; ; ; ; ; ; ; ; ; ; ; ; ; ; ; 
207059;2;1;4;2;5;1;5;3;2;5;2;4;2;3;3;4; ; ; ; ; ; ; ; ; ; ;4; 
207111;5;4;5; ; ; ; ; ; ; ; ; ; ; ; ; ; ; ; ; ; ; ; ; ; ; ; ; 
207119;1;5;5;5;5;5; ;5;4;5;5;5;5;5;5;5;5;3;5;5;5;5;5;5;5;5;0;0
207149;2;1;1;2;2;2;1;3;2;3;2;4;4;4;3;4;1;3;4;1;1;4;5;4;4;4;1;50
207294;3;2;2;1;1;5;4;1;2;4;1;1;2;2;2;3;1;4;4;1;1;1;1;1;1;1;5;40
207365;1;1;1;2;3;3;2;2;2;3;4;4;3;3;2;4;1;3;3;4;3;3;3;2;3;4;2;30
207407;4;3;3;4;2;4;3;3;4;3;1;2;3;5;5;8;4;5;5;3;4;8;8;5;4;3;998;3
207418;2;2;2;2;2;2;2;3;3;3;4;4;4;3;3;3;3;3;3;4;3;4;4;3;3;3;2;30
207450;3;3;5; ;5;4;1; ; ; ; ; ; ; ; ; ; ; ; ; ; ; ; ; ; ; ; ; 
207502;2;4;1;4;4;5;1;4;3;4;5;3;2;2;4;4;1;2;3;5;1;2;2;5;1;4;4;100
207516;2;1;1;1;1;5;3;1;1;1;1;1;2;4;5;4;1;1;1;1;1;2;4;5;3;3;6;150
207529;1;1;1; ;3;5;3; ; ; ; ; ; ; ; ; ; ; ; ; ; ; ; ; ; ; ; ; 
207619;2;2;1;1;1;2;1;1;1;5;2;5;1;1;2;5;1;5;5;1;1;5;4;3;2;2;3;40
207624;4;5;5;4;5;5; ;3;2;5;6;2;2;5;5;5;5;4;5;6;4;4;5;5;5;5;0;0
207802;3;5;1;5;4;2;3;4;2;3;2;4;4;4;4;4;2;1;3;2;3;2;2;4;5;4;4;10
207970;3;1;3;4;4;5;2;5;4;5;6;5;5;5;5;5;4;1;5;6;5;5;5;5;5;5;1;2
208010;1;1;1;1;1;3;3;1;1;1;1;1;2;1;2;2;1;2;2;1;2;2;1;2;2;2;30;35
208043;1;5;3;3;8;5;4;4;2;2;6;4;2;5;5;5;1;4;5;6;1;1;5;5;4;4;1;250
